{"stat.useItem.minecraft.bow":65,"stat.useItem.harvestcraft.applepieitem":3,"stat.craftItem.spiceoflife.bookfoodjournal":2,"stat.craftItem.botania.lexicon":2,"stat.useItem.harvestcraft.cherryyogurtitem":2,"stat.pickup.tconstruct.faucet":14,"stat.mineBlock.minecraft.web":2,"stat.useItem.harvestcraft.croissantitem":1,"stat.pickup.minecraft.rotten_flesh":131,"stat.pickup.minecraft.cobblestone_wall":6,"stat.pickup.minecraft.bucket":19,"stat.pickup.minecraft.brown_mushroom":10,"stat.pickup.harvestcraft.scallionitem":3,"stat.useItem.tconstruct.slime_sapling":13,"stat.pickup.quark.tallow":1,"stat.pickup.minecraft.stained_hardened_clay":2,"stat.useItem.harvestcraft.agaveitem":3,"stat.pickup.minecraft.double_plant":12,"stat.craftItem.harvestcraft.cherrypieitem":6,"stat.useItem.harvestcraft.cherrypieitem":6,"stat.pickup.enderio.item_basic_capacitor":2,"stat.furnaceInteraction":256,"stat.pickup.harvestcraft.cornitem":3,"stat.pickup.trumpetskeleton.trumpet":7,"stat.pickup.minecraft.nether_brick":326,"stat.mineBlock.immersiveengineering.wooden_device0":33,"stat.useItem.tconstruct.stone_torch":33,"stat.mineBlock.tconstruct.ore":28,"stat.mineBlock.storagedrawers.customdrawers":8,"stat.pickup.tconstruct.hammer":1,"stat.pickup.thaumcraft.crystal_essence":31,"stat.killEntity.Husk":6,"stat.pickup.minecraft.emerald":2,"stat.useItem.harvestcraft.roastedchestnutitem":1,"stat.pickup.minecraft.lever":2,"stat.deaths":15,"stat.useItem.tconstruct.smeltery_io":8,"stat.pickup.minecraft.egg":34,"stat.useItem.harvestcraft.cottoncandyitem":1,"stat.pickup.minecraft.clock":1,"stat.craftItem.minecraft.iron_pickaxe":3,"stat.craftItem.conarm.armorstation":2,"stat.pickup.tconstruct.mattock":4,"stat.chestOpened":271,"stat.craftItem.minecraft.mushroom_stew":3,"stat.craftItem.minecraft.sign":6,"stat.pickup.botania.mushroom":1,"stat.craftItem.minecraft.coal":50,"stat.pickup.minecraft.carrot":75,"stat.useItem.harvestcraft.seedsoupitem":8,"stat.useItem.spiceoflife.lunchbag":2,"stat.crouchOneCm":31250,"stat.pickup.minecraft.rail":13,"stat.craftItem.minecraft.iron_ingot":429,"stat.craftingTableInteraction":286,"stat.useItem.quark.trowel":58,"stat.drop.quark.tallow":1,"stat.craftItem.tconstruct.pattern":135,"stat.mineBlock.minecraft.log2":9,"stat.mineBlock.tconstruct.smeltery_io":8,"stat.useItem.harvestcraft.dandelionteaitem":3,"stat.pickup.minecraft.dye":25,"stat.pickup.minecraft.planks":35,"stat.pickup.enderio.item_material":1,"stat.craftItem.tconstruct.slime_congealed":2,"stat.craftItem.extrautils2.pipe":128,"stat.craftItem.bigreactors.ingotgraphite":4,"stat.pickup.tconstruct.pattern":27,"stat.pickup.harvestcraft.maplesyrupitem":7,"stat.pickup.tconstruct.pickaxe":9,"stat.mineBlock.thaumcraft.crystal_aer":1,"stat.pickup.botania.flowerbag":2,"stat.drop.minecraft.sapling":1,"stat.pickup.quark.soul_bead":1,"stat.pickup.minecraft.coal_block":5,"stat.craftItem.minecraft.bucket":4,"stat.pickup.harvestcraft.pamchestnut":1,"stat.craftItem.minecraft.planks":1326,"stat.craftItem.tconstruct.stone_torch":68,"stat.pickup.minecraft.book":5,"stat.useItem.minecraft.stonebrick":5,"stat.mineBlock.minecraft.waterlily":5,"stat.useItem.harvestcraft.elderberryitem":1,"stat.pickup.extrautils2.pipe":5,"stat.craftItem.minecraft.cobblestone":39,"stat.mineBlock.minecraft.cobblestone":209,"stat.pickup.minecraft.flint":10,"stat.useItem.harvestcraft.milletitem":1,"stat.pickup.minecraft.leather_chestplate":4,"stat.pickup.enderio.item_dark_steel_sword":1,"stat.pickup.minecraft.cooked_porkchop":12,"stat.useItem.minecraft.stone_slab2":538,"stat.craftItem.minecraft.furnace":14,"stat.craftItem.spiceoflife.lunchbag":3,"stat.killEntity.Firebat":7,"stat.pickup.quark.black_ash":1,"stat.mineBlock.minecraft.clay":130,"stat.useItem.harvestcraft.plumitem":6,"stat.craftItem.minecraft.iron_block":26,"stat.useItem.harvestcraft.soursopitem":4,"stat.killEntity.Creeper":4,"stat.pickup.comforts.sleeping_bag":20,"stat.entityKilledBy.Skeleton":3,"stat.craftItem.tconstruct.stone_stick":28,"stat.sprintOneCm":2693835,"stat.pickup.immersiveengineering.tool":2,"stat.craftItem.immersiveengineering.jerrycan":1,"stat.drop.tconstruct.cleaver":4,"stat.useItem.harvestcraft.chickencordonbleuitem":2,"stat.pickup.minecraft.leather_leggings":2,"stat.craftItem.storagedrawers.trim":60,"stat.pickup.harvestcraft.mustardseedsitem":4,"stat.useItem.storagedrawers.tape":3,"stat.pickup.harvestcraft.cassavaitem":31,"stat.killEntity.Zombie":75,"stat.craftItem.minecraft.dye":5,"stat.mineBlock.minecraft.gold_ore":31,"stat.craftItem.minecraft.slime_ball":144,"stat.pickup.minecraft.wheat":87,"stat.craftItem.minecraft.sandstone":3,"stat.pickup.minecraft.sign":2,"stat.craftItem.cookingforblockheads.cooking_table":1,"stat.mineBlock.tconstruct.slime_leaves":9,"stat.pickup.spiceoflife.bookfoodjournal":1,"stat.pickup.minecraft.obsidian":306,"stat.pickup.minecraft.coal":648,"stat.pickup.minecraft.iron_ingot":6,"stat.pickup.tconstruct.seared_tank":22,"stat.craftItem.minecraft.lever":1,"stat.pickup.minecraft.gunpowder":16,"stat.pickup.harvestcraft.milletitem":1,"stat.pickup.minecraft.dirt":528,"stat.craftItem.harvestcraft.greenteaitem":2,"stat.mineBlock.minecraft.lapis_ore":4,"stat.killEntity.quark:wraith":1,"stat.pickup.minecraft.red_sandstone":18,"stat.pickup.minecraft.iron_axe":1,"stat.mineBlock.minecraft.red_flower":11,"stat.mineBlock.minecraft.torch":17,"stat.pickup.minecraft.written_book":1,"stat.pickup.minecraft.magma_cream":2,"stat.craftItem.minecraft.comparator":2,"stat.useItem.minecraft.birch_fence":18,"stat.craftItem.extrautils2.wateringcan":1,"stat.craftItem.psi.programmer":1,"stat.drop.hooked.hook":2,"stat.craftItem.harvestcraft.bibimbapitem":1,"stat.useItem.harvestcraft.onionitem":1,"stat.mineBlock.minecraft.birch_fence":4,"stat.craftItem.tconstruct.smeltery_io":8,"stat.useItem.harvestcraft.sisalitem":2,"stat.craftItem.harvestcraft.flouritem":17,"stat.useItem.minecraft.lava_bucket":19,"stat.useItem.storagedrawers.drawer_key":9,"stat.pickup.harvestcraft.spiceleafitem":10,"stat.useItem.harvestcraft.maplesyrupitem":4,"stat.killEntity.quark:dweller":1,"stat.mobKills":201,"stat.mineBlock.minecraft.bookshelf":1,"stat.drop.tconstruct.scythe":1,"stat.mineBlock.tconstruct.wooden_hopper":4,"stat.pickup.minecraft.diamond":6,"stat.pickup.minecraft.beetroot_seeds":35,"stat.craftItem.minecraft.rabbit_hide":92,"stat.pickup.thaumcraft.brain":11,"stat.craftItem.minecraft.spruce_stairs":80,"stat.craftItem.minecraft.map":1,"stat.useItem.harvestcraft.rhubarbitem":5,"stat.mineBlock.thaumcraft.ore_quartz":8,"stat.useItem.harvestcraft.bakedcactusitem":6,"stat.craftItem.immersiveengineering.treated_wood_slab":30,"stat.mineBlock.immersiveengineering.ore":247,"stat.drop.tconstruct.slime_boots":1,"stat.craftItem.psi.cad_assembler":1,"stat.mineBlock.minecraft.red_mushroom":12,"stat.mineBlock.minecraft.stone_brick_stairs":1,"stat.drop.minecraft.poisonous_potato":1,"stat.mineBlock.minecraft.nether_brick_fence":4,"stat.pickup.hooked.hook":6,"stat.useItem.harvestcraft.walnutitem":2,"stat.pickup.harvestcraft.sweetpotatoitem":6,"stat.craftItem.tconstruct.casting":6,"stat.pickup.minecraft.wooden_hoe":3,"stat.craftItem.minecraft.cobblestone_wall":132,"stat.craftItem.minecraft.stone_sword":1,"stat.mineBlock.minecraft.sand":413,"stat.useItem.harvestcraft.stockitem":7,"stat.craftItem.minecraft.wooden_hoe":3,"stat.pickup.storagedrawers.tape":1,"stat.hopperInspected":6,"stat.pickup.tconstruct.slime_sapling":15,"stat.craftItem.wearablebackpacks.backpack":3,"stat.craftItem.minecraft.birch_door":6,"stat.pickup.minecraft.armor_stand":1,"stat.craftItem.spiceoflife.lunchbox":8,"stat.craftItem.storagedrawers.upgrade_template":2,"stat.pickup.tconstruct.cleaver":1,"stat.craftItem.harvestcraft.ramenitem":6,"stat.useItem.extrautils2.pipe":11,"stat.mineBlock.harvestcraft.windygarden":41,"stat.pickup.spiceoflife.lunchbox":3,"stat.craftItem.harvestcraft.peanutbuttercookiesitem":2,"stat.craftItem.quark.arrow_torch":64,"stat.pickup.thaumcraft.nugget":4,"stat.pickup.tconstruct.slime_dirt":8,"stat.craftItem.immersiveengineering.material":96,"stat.mineBlock.minecraft.soul_sand":15,"stat.useItem.immersiveengineering.wooden_device0":11,"stat.pickup.minecraft.netherrack":518,"stat.mineBlock.conarm.armorstation":4,"stat.useItem.minecraft.fish":4,"stat.pickup.tconstruct.casting":10,"stat.useItem.harvestcraft.cookedtofabbititem":2,"stat.pickup.minecraft.waterlily":4,"stat.useItem.harvestcraft.steamedspinachitem":1,"stat.useItem.harvestcraft.grilledcheeseitem":1,"stat.pickup.tconstruct.excavator":1,"stat.craftItem.hooked.hook":6,"stat.craftItem.tconstruct.wooden_hopper":6,"stat.useItem.harvestcraft.chilipepperitem":2,"stat.craftItem.tconstruct.toolforge":2,"stat.useItem.harvestcraft.appleyogurtitem":3,"stat.craftItem.hooked.microcrafting":52,"stat.useItem.minecraft.furnace":7,"stat.useItem.harvestcraft.tomatosoupitem":2,"stat.drop.antiqueatlas.antique_atlas":2,"stat.craftItem.tconstruct.materials":129,"stat.pickup.antiqueatlas.antique_atlas":4,"stat.pickup.theoneprobe.probenote":5,"stat.useItem.harvestcraft.zombiejerkyitem":5,"stat.mineBlock.minecraft.gravel":178,"stat.useItem.minecraft.wool":15,"stat.useItem.harvestcraft.cherryitem":1,"stat.craftItem.minecraft.leather":23,"stat.useItem.minecraft.torch":233,"stat.useItem.harvestcraft.spiceleafitem":3,"stat.craftItem.minecraft.redstone_block":40,"stat.pickup.minecraft.birch_fence_gate":1,"stat.useItem.minecraft.log":14,"stat.pickup.minecraft.crafting_table":20,"stat.craftItem.minecraft.crafting_table":20,"stat.pickup.quark.trowel":1,"stat.pickup.harvestcraft.cottonseeditem":2,"stat.pickup.extrautils2.grocket":5,"stat.mineBlock.minecraft.emerald_ore":2,"stat.pickup.minecraft.redstone_block":2,"stat.useItem.minecraft.cooked_fish":1,"stat.pickup.minecraft.compass":4,"stat.useItem.harvestcraft.meatystewitem":2,"stat.pickup.enderio.item_soul_vial":7,"stat.pickup.minecraft.sapling":114,"stat.useItem.minecraft.birch_door":4,"stat.pickup.minecraft.beetroot":25,"stat.pickup.harvestcraft.parsnipitem":6,"stat.mineBlock.quark.basalt":11,"stat.mineBlock.tconstruct.slime_grass":3,"stat.pickup.quark.root":3,"stat.killEntity.WitherSkeleton":2,"stat.drop.comforts.sleeping_bag":2,"stat.mineBlock.bigreactors.oreyellorite":6,"stat.craftItem.minecraft.sugar":6,"stat.pickup.harvestcraft.juteitem":9,"stat.pickup.harvestcraft.tealeafitem":8,"stat.useItem.harvestcraft.greenteaitem":2,"stat.drop.minecraft.bucket":1,"stat.useItem.minecraft.baked_potato":8,"stat.pickup.minecraft.yellow_flower":10,"stat.pickup.harvestcraft.avocadoitem":1,"stat.pickup.minecraft.bone":128,"stat.useItem.minecraft.mushroom_stew":5,"stat.horseOneCm":917192,"stat.craftItem.storagedrawers.drawer_key":2,"stat.drop.tconstruct.sharpening_kit":1,"stat.drop.conarm.leggings_core":1,"stat.pickup.immersiveengineering.wooden_device0":35,"stat.useItem.harvestcraft.tealeafitem":1,"stat.mineBlock.minecraft.brown_mushroom":8,"stat.climbOneCm":9479,"stat.pickup.harvestcraft.artichokeitem":1,"stat.craftItem.minecraft.gold_block":2,"stat.mineBlock.quark.roots":3,"stat.useItem.tconstruct.lumberaxe":500,"stat.drop.immersiveengineering.metal":2,"stat.pickup.minecraft.anvil":1,"stat.craftItem.minecraft.stone_pickaxe":3,"stat.pickup.minecraft.cobblestone":11774,"stat.useItem.harvestcraft.juteitem":1,"stat.craftItem.minecraft.glass_bottle":63,"stat.pickup.minecraft.soul_sand":33,"stat.mineBlock.quark.custom_chest":22,"stat.useItem.harvestcraft.whitemushroomitem":3,"stat.pickup.minecraft.cactus":60,"stat.pickup.minecraft.redstone":606,"stat.mineBlock.minecraft.iron_ore":436,"stat.craftItem.minecraft.book":2,"stat.useItem.harvestcraft.peanutitem":3,"stat.pickup.spiceoflife.lunchbag":3,"stat.useItem.harvestcraft.chickpeaitem":6,"stat.useItem.harvestcraft.cornitem":2,"stat.useItem.harvestcraft.peanutbuttercookiesitem":2,"stat.pickup.comforts.hammock":1,"stat.useItem.minecraft.cooked_porkchop":12,"stat.pickup.minecraft.carpet":1,"stat.craftItem.tconstruct.soil":130,"stat.useItem.harvestcraft.tiropitaitem":1,"stat.craftItem.tconstruct.slime_boots":4,"stat.pickup.minecraft.sandstone_stairs":2,"stat.pickup.minecraft.paper":5,"stat.useItem.tconstruct.slime_dirt":13,"stat.craftItem.minecraft.stick":512,"stat.drop.tconstruct.pick_head":1,"stat.pickup.tconstruct.knife_blade":6,"stat.craftItem.minecraft.gold_nugget":9,"stat.pickup.harvestcraft.barleyitem":3,"stat.pickup.storagedrawers.drawer_key":1,"stat.useItem.harvestcraft.turnipitem":1,"stat.pickup.minecraft.golden_horse_armor":3,"stat.craftItem.minecraft.clay_ball":36,"stat.pickup.conarm.boots":4,"stat.entityKilledBy.Creeper":1,"stat.pickup.botania.flower":2,"stat.mineBlock.minecraft.planks":14,"stat.drop":44,"stat.useItem.harvestcraft.toadintheholeitem":5,"stat.useItem.harvestcraft.toastitem":2,"stat.useItem.tconstruct.seared":39,"stat.pickup.harvestcraft.garlicitem":7,"stat.craftItem.minecraft.piston":5,"stat.killEntity.Slime":2,"stat.mineBlock.minecraft.anvil":1,"stat.useItem.minecraft.apple":1,"stat.mineBlock.minecraft.deadbush":6,"stat.craftItem.comforts.rope":6,"stat.pickup.tconstruct.sharpening_kit":12,"stat.useItem.minecraft.carpet":3,"stat.pickup.harvestcraft.blackberryitem":7,"stat.useItem.harvestcraft.bakedhamitem":2,"stat.mineBlock.harvestcraft.shadedgarden":88,"stat.pickup.harvestcraft.bellpepperitem":1,"stat.pickup.farmingforblockheads.market":2,"stat.pickup.conarm.armorstation":4,"stat.mineBlock.tconstruct.tooltables":7,"stat.mineBlock.minecraft.leaves2":6,"stat.mineBlock.minecraft.furnace":1,"stat.craftItem.cookingforblockheads.recipe_book":2,"stat.useItem.harvestcraft.mustardseedsitem":1,"stat.craftItem.minecraft.birch_fence":18,"stat.pickup.minecraft.oak_stairs":2,"stat.craftItem.harvestcraft.doughitem":17,"stat.damageDealt":25846,"stat.craftItem.minecraft.bowl":8,"stat.mineBlock.minecraft.nether_brick_stairs":11,"stat.pickup.harvestcraft.elderberryitem":3,"stat.useItem.quark.custom_chest":22,"stat.useItem.cookingforblockheads.tool_rack":3,"stat.pickup.minecraft.stick":8,"stat.useItem.enderio.item_soul_vial":5,"stat.craftItem.minecraft.birch_fence_gate":1,"stat.craftItem.minecraft.writable_book":1,"stat.useItem.minecraft.redstone_block":1,"stat.pickup.harvestcraft.zucchiniitem":8,"stat.craftItem.minecraft.redstone":45,"stat.drop.quark.charcoal_block":1,"stat.pickup.storagedrawers.quantify_key":1,"stat.useItem.minecraft.cactus":32,"stat.pickup.thaumcraft.ore_cinnabar":7,"stat.craftItem.extrautils2.minichest":18,"stat.useItem.harvestcraft.avocadoitem":1,"stat.mineBlock.minecraft.quartz_ore":108,"stat.craftItem.minecraft.tnt":2,"stat.pickup.conarm.polishing_kit":2,"stat.pickup.harvestcraft.plumitem":5,"stat.entityKilledBy.Husk":1,"stat.mineBlock.minecraft.leaves":206,"stat.mineBlock.tconstruct.seared":58,"stat.craftItem.harvestcraft.pizzasliceitem":2,"stat.drop.tconstruct.book":3,"stat.useItem.tconstruct.hatchet":134,"stat.mineBlock.quark.roots_white_flower":5,"stat.pickup.minecraft.wooden_slab":1,"stat.leaveGame":19,"stat.pickup.tconstruct.longsword":4,"stat.useItem.tconstruct.wooden_hopper":1,"stat.useItem.harvestcraft.amaranthitem":1,"stat.pickup.harvestcraft.soybeanitem":5,"stat.pickup.tconstruct.edible":27,"stat.mineBlock.minecraft.sandstone":73,"stat.mineBlock.farmingforblockheads.market":2,"stat.mineBlock.minecraft.birch_fence_gate":1,"stat.mineBlock.gravestone.gravestone":13,"stat.mineBlock.minecraft.red_sandstone":9,"stat.craftItem.cookingforblockheads.tool_rack":5,"stat.useItem.harvestcraft.pizzasliceitem":10,"stat.pickup.quark.basalt":12,"stat.pickup.minecraft.brick_block":1,"stat.pickup.minecraft.leather_boots":2,"stat.pickup.harvestcraft.radishitem":8,"stat.killEntity.Witch":1,"stat.craftItem.harvestcraft.presser":2,"stat.drop.minecraft.gold_ingot":2,"stat.craftItem.conarm.armorforge":1,"stat.craftItem.conarm.book":1,"stat.pickup.harvestcraft.rhubarbitem":9,"stat.useItem.tconstruct.soil":1,"stat.pickup.harvestcraft.onionitem":2,"stat.drop.immersiveengineering.seed":2,"stat.mineBlock.minecraft.vine":3,"stat.pickup.harvestcraft.cherryitem":1,"stat.mineBlock.minecraft.rail":1,"stat.killEntity.ZombieVillager":3,"stat.craftItem.harvestcraft.noodlesitem":2,"stat.craftItem.extrautils2.decorativesolidwood":100,"stat.pickup.minecraft.beef":4,"stat.pickup.minecraft.leather_helmet":1,"stat.mineBlock.minecraft.stained_hardened_clay":2,"stat.pickup.tconstruct.smeltery_io":7,"stat.pickup.tconstruct.stone_torch":8,"stat.useItem.minecraft.nether_brick":3,"stat.craftItem.immersiveengineering.metal":13,"stat.useItem.harvestcraft.gardensoupitem":10,"stat.mineBlock.minecraft.tallgrass":187,"stat.pickup.tconstruct.seared":58,"stat.pickup.immersiveengineering.material":3374,"stat.useItem.minecraft.stone":10,"stat.pickup.minecraft.arrow":145,"stat.pickup.harvestcraft.chilipepperitem":4,"stat.pickup.tconstruct.cast_custom":2,"stat.useItem.quark.root_flower":7,"stat.pickup.harvestcraft.walnutitem":2,"stat.useItem.harvestcraft.strawberrypieitem":4,"stat.pickup.minecraft.nether_brick_fence":4,"stat.pickup.harvestcraft.agaveitem":12,"stat.useItem.tconstruct.longsword":6,"stat.useItem.minecraft.reeds":9,"stat.useItem.harvestcraft.lettuceitem":2,"stat.pickup.minecraft.wheat_seeds":108,"stat.mineBlock.minecraft.dirt":435,"stat.pickup.minecraft.poisonous_potato":1,"stat.pickup.immersiveengineering.seed":1676,"stat.useItem.minecraft.bread":24,"stat.useItem.minecraft.cobblestone":255,"stat.useItem.minecraft.gravel":17,"stat.mineBlock.minecraft.double_plant":5,"stat.mineBlock.harvestcraft.well":1,"stat.useItem.tconstruct.pickaxe":1387,"stat.craftItem.minecraft.gold_ingot":9,"stat.pickup.wearablebackpacks.backpack":1,"stat.pickup.minecraft.apple":11,"stat.craftItem.immersiveengineering.tool":1,"stat.useItem.harvestcraft.gooseberryyogurtitem":4,"stat.mineBlock.minecraft.log":626,"stat.pickup.harvestcraft.sisalitem":6,"stat.craftItem.minecraft.paper":90,"stat.pickup.minecraft.red_flower":14,"stat.pickup.minecraft.wool":273,"stat.useItem.harvestcraft.pearyogurtitem":2,"stat.mineBlock.thaumcraft.ore_cinnabar":7,"stat.useItem.harvestcraft.blackberryyogurtitem":1,"stat.craftItem.storagedrawers.basicdrawers":2,"stat.craftItem.tconstruct.edible":124,"stat.useItem.tconstruct.mattock":787,"stat.mineBlock.minecraft.yellow_flower":4,"stat.craftItem.minecraft.wool":2,"stat.drop.conarm.boots_core":2,"stat.mineBlock.appliedenergistics2.quartz_ore":24,"stat.pickup.harvestcraft.cactusfruititem":7,"stat.useItem.minecraft.obsidian":3,"stat.useItem.harvestcraft.tomatoitem":4,"stat.pickup.minecraft.bow":6,"stat.useItem.tconstruct.cleaver":1,"stat.craftItem.harvestcraft.gardensoupitem":12,"stat.useItem.minecraft.egg":7,"stat.mineBlock.minecraft.obsidian":290,"stat.craftItem.minecraft.bow":2,"stat.useItem.harvestcraft.plainyogurtitem":5,"stat.flyOneCm":3027099,"stat.pickup.minecraft.sandstone":39,"stat.pickup.minecraft.nether_brick_stairs":11,"stat.pickup.minecraft.fish":9,"stat.craftItem.extrautils2.grocket":8,"stat.timeSinceDeath":1364615,"stat.craftItem.quark.charcoal_block":4,"stat.craftItem.immersiveengineering.treated_wood":64,"stat.pickup.harvestcraft.whitemushroomitem":7,"stat.pickup.harvestcraft.beanitem":4,"stat.useItem.minecraft.potato":9,"stat.craftItem.tconstruct.seared":272,"stat.pickup.minecraft.nether_wart":25,"stat.mineBlock.minecraft.coal_ore":501,"stat.pickup.minecraft.shield":1,"stat.talkedToVillager":14,"stat.pickup.extrautils2.ingredients":16,"stat.mineBlock.minecraft.red_mushroom_block":19,"stat.pickup.minecraft.string":43,"stat.useItem.storagedrawers.customdrawers":42,"stat.craftItem.harvestcraft.peanutbutteritem":1,"stat.craftItem.tconstruct.tooltables":18,"stat.pickup.harvestcraft.well":1,"stat.craftItem.psi.cad_assembly":3,"stat.craftItem.tconstruct.ingots":9,"stat.mineBlock.minecraft.diamond_ore":6,"stat.craftItem.harvestcraft.turnipseeditem":5,"stat.useItem.tconstruct.seared_tank":8,"stat.mineBlock.quark.marble":7,"stat.mineBlock.cookingforblockheads.cooking_table":1,"stat.pickup.tconstruct.ore":64,"stat.useItem.harvestcraft.zucchiniitem":1,"stat.useItem.tconstruct.hammer":13403,"stat.diveOneCm":67278,"stat.pickup.tconstruct.tooltables":11,"stat.useItem.minecraft.chicken":1,"stat.useItem.harvestcraft.nutmegitem":1,"stat.useItem.minecraft.rotten_flesh":46,"stat.jump":16667,"stat.useItem.minecraft.sand":15,"stat.pickup.conarm.leggings_core":5,"stat.craftItem.minecraft.torch":248,"stat.craftItem.comforts.sleeping_bag":6,"stat.pickup.minecraft.gold_ore":26,"stat.useItem.minecraft.sapling":33,"stat.drop.tconstruct.hammer":1,"stat.useItem.harvestcraft.enchiladaitem":2,"stat.mineBlock.harvestcraft.aridgarden":32,"stat.damageTaken":11756,"stat.killEntity.tconstruct.blueslime":31,"stat.useItem.harvestcraft.radishitem":2,"stat.mineBlock.minecraft.sapling":2,"stat.mineBlock.minecraft.sandstone_stairs":2,"stat.pickup.minecraft.log2":9,"stat.pickup.minecraft.bed":7,"stat.pickup.tconstruct.ingots":4,"stat.pickup.minecraft.potato":38,"stat.drop.extrautils2.wateringcan":2,"stat.entityKilledBy.Zombie":1,"stat.craftItem.psi.cad_core":2,"stat.pickup.harvestcraft.lettuceitem":3,"stat.killEntity.Silverfish":4,"stat.craftItem.minecraft.stone_slab":102,"stat.useItem.harvestcraft.carrotjuiceitem":3,"stat.useItem.minecraft.chest":8,"stat.useItem.harvestcraft.fishtacoitem":1,"stat.useItem.tconstruct.faucet":9,"stat.craftItem.psi.spell_bullet":2,"stat.craftItem.psi.cad_battery":2,"stat.pickup.minecraft.baked_potato":6,"stat.mineBlock.minecraft.stonebrick":13,"stat.pickup.harvestcraft.cucumberitem":4,"stat.pickup.harvestcraft.strawberryitem":3,"stat.useItem.comforts.rope":2,"stat.useItem.minecraft.cobblestone_wall":119,"stat.pickup.minecraft.iron_horse_armor":2,"stat.pickup.minecraft.torch":229,"stat.useItem.extrautils2.minichest":1,"stat.craftItem.gravestone.gravestone":2,"stat.useItem.harvestcraft.rosepetalteaitem":2,"stat.craftItem.harvestcraft.tomatosoupitem":2,"stat.craftItem.minecraft.compass":6,"stat.craftItem.harvestcraft.saltitem":64,"stat.pickup.tconstruct.book":7,"stat.mineBlock.tconstruct.seared_tank":19,"stat.pickup.tconstruct.wooden_hopper":4,"stat.killEntity.trumpetskeleton.TrumpetSkeleton":9,"stat.pickup.gravestone.death_info":15,"stat.useItem.minecraft.mutton":4,"stat.useItem.minecraft.planks":6,"stat.pickup.minecraft.porkchop":19,"stat.pickup.minecraft.glass":7,"stat.useItem.harvestcraft.chestnutbutteritem":2,"stat.pickup.psi.material":25,"stat.useItem.harvestcraft.butteredpotatoitem":2,"stat.useItem.minecraft.water_bucket":86,"stat.useItem.harvestcraft.soybeanitem":4,"stat.pickup.minecraft.sand":542,"stat.pickup.minecraft.name_tag":1,"stat.pickup.harvestcraft.wintersquashitem":1,"stat.pickup.quark.marble":7,"stat.craftItem.minecraft.cooked_fish":1,"stat.craftItem.harvestcraft.well":1,"stat.mineBlock.tconstruct.slime_grass_tall":1,"stat.craftItem.storagedrawers.quantify_key":1,"stat.craftItem.minecraft.hardened_clay":26,"stat.useItem.minecraft.oak_stairs":1,"stat.useItem.harvestcraft.leekitem":2,"stat.craftItem.cookingforblockheads.sink":1,"stat.pickup.harvestcraft.turnipitem":6,"stat.pickup.minecraft.furnace":1,"stat.pickup.tconstruct.cast":4,"stat.pickup.minecraft.skull":8,"stat.useItem.harvestcraft.blackberryitem":2,"stat.useItem.immersiveengineering.seed":129,"stat.pickup.harvestcraft.nutmegitem":1,"stat.craftItem.infoaccessories.info_accessory":1,"stat.craftItem.minecraft.heavy_weighted_pressure_plate":32,"stat.mineBlock.minecraft.oak_stairs":1,"stat.playOneMinute":2242976,"stat.pickup.minecraft.birch_door":3,"stat.pickup.minecraft.iron_bars":26,"stat.useItem.harvestcraft.strawberryjellysandwichitem":3,"stat.craftItem.psi.cad_socket":2,"stat.drop.tconstruct.shuriken":1,"stat.pickup.harvestcraft.tomatoitem":6,"stat.craftItem.immersiveengineering.wooden_device0":9,"stat.pickup.conarm.chestplate":4,"stat.craftItem.minecraft.carpet":3,"stat.mineBlock.minecraft.netherrack":217,"stat.craftItem.storagedrawers.framingtable":1,"stat.mineBlock.appliedenergistics2.charged_quartz_ore":9,"stat.mineBlock.tconstruct.faucet":14,"stat.craftItem.minecraft.iron_nugget":27,"stat.fallOneCm":82424,"stat.drop.spiceoflife.lunchbag":2,"stat.craftItem.minecraft.chest":29,"stat.pickup.minecraft.red_mushroom":21,"stat.craftItem.harvestcraft.freshwateritem":129,"stat.pickup.minecraft.feather":13,"stat.craftItem.tconstruct.seared_tank":5,"stat.craftItem.minecraft.birch_stairs":72,"stat.mineBlock.minecraft.monster_egg":6,"stat.craftItem.harvestcraft.stockitem":36,"stat.useItem.harvestcraft.cactussoupitem":2,"stat.useItem.extrautils2.grocket":6,"stat.useItem.harvestcraft.chickensandwichitem":1,"stat.mineBlock.quark.stone_speleothem":29,"stat.killEntity.LavaSlime":9,"stat.pickup.minecraft.log":729,"stat.drop.immersiveengineering.tool":1,"stat.craftItem.tconstruct.smeltery_controller":1,"stat.useItem.harvestcraft.ramenitem":4,"stat.entityKilledBy.quark:dweller":1,"stat.useItem.storagedrawers.quantify_key":48,"stat.craftItem.storagedrawers.tape":1,"stat.useItem.storagedrawers.trim":4,"stat.pickup.tconstruct.slime_boots":1,"stat.sneakTime":17489,"stat.mineBlock.minecraft.cobblestone_wall":6,"stat.useItem.minecraft.beetroot":1,"stat.pickup.harvestcraft.gooseberryitem":1,"stat.pickup.immersiveengineering.ore":252,"stat.drop.cookingforblockheads.recipe_book":1,"stat.pickup.conarm.helmet":4,"stat.useItem.immersiveengineering.ore":5,"stat.useItem.harvestcraft.cookedtofeegitem":2,"stat.useItem.harvestcraft.garlicitem":5,"stat.useItem.harvestcraft.hazelnutitem":2,"stat.craftItem.tconstruct.faucet":8,"stat.useItem.harvestcraft.cassavaitem":1,"stat.useItem.harvestcraft.cactusfruititem":7,"stat.pickup.bigreactors.oreyellorite":4,"stat.craftItem.extrautils2.compressedcobblestone":925,"stat.swimOneCm":161898,"stat.useItem.minecraft.dirt":48,"stat.pickup.harvestcraft.chickpeaitem":16,"stat.useItem.harvestcraft.barleyitem":1,"stat.pickup.tconstruct.scythe":1,"stat.useItem.tconstruct.excavator":558,"stat.craftItem.antiqueatlas.empty_antique_atlas":5,"stat.mineBlock.minecraft.carpet":1,"stat.pickup.minecraft.gold_block":1,"stat.mineBlock.minecraft.redstone_block":2,"stat.pickup.harvestcraft.lentilitem":13,"stat.craftItem.storagedrawers.customdrawers":44,"stat.pickup.minecraft.glass_bottle":4,"stat.pickup.appliedenergistics2.material":71,"stat.drop.minecraft.wheat_seeds":1,"stat.craftItem.minecraft.wooden_slab":30,"stat.pickup.harvestcraft.leekitem":6,"stat.useItem.minecraft.sign":3,"stat.drop.minecraft.log":1,"stat.pickup.minecraft.mutton":5,"stat.pickup.harvestcraft.soursopitem":4,"stat.pickup.tconstruct.kama":2,"stat.useItem.quark.root":3,"stat.mineBlock.minecraft.coal_block":6,"stat.pickup.minecraft.stonebrick":20,"stat.drop.minecraft.beetroot_seeds":1,"stat.mineBlock.minecraft.nether_brick":309,"stat.craftItem.minecraft.stone_slab2":45,"stat.useItem.harvestcraft.bibimbapitem":2,"stat.useItem.harvestcraft.cucumberitem":1,"stat.pickup.storagedrawers.customdrawers":8,"stat.craftItem.minecraft.stone":142,"stat.craftItem.minecraft.armor_stand":1,"stat.useItem.tconstruct.casting":7,"stat.mineBlock.minecraft.crafting_table":19,"stat.useItem.minecraft.carrot":12,"stat.pickup.tconstruct.sword_blade":2,"stat.craftItem.harvestcraft.potitem":1,"stat.pickup.minecraft.slime_ball":2,"stat.craftItem.quark.trowel":1,"stat.craftItem.minecraft.clay":58,"stat.useItem.harvestcraft.plumyogurtitem":2,"stat.killEntity.BrainyZombie":2,"stat.pickup.minecraft.gravel":344,"stat.craftItem.comforts.hammock":3,"stat.mineBlock.quark.roots_black_flower":1,"stat.mineBlock.tconstruct.slime_dirt":12,"stat.pickup.minecraft.stone_brick_stairs":1,"stat.pickup.tconstruct.hatchet":5,"stat.useItem.minecraft.wooden_hoe":26,"stat.pickup.conarm.leggings":4,"stat.craftItem.minecraft.bread":7,"stat.pickup.harvestcraft.peanutitem":10,"stat.pickup.minecraft.spider_eye":11,"stat.useItem.harvestcraft.surfandturfitem":7,"stat.useItem.harvestcraft.strawberryrhubarbpieitem":2,"stat.pickup.minecraft.iron_ore":488,"stat.pickup.tconstruct.slime_congealed":65,"stat.mineBlock.minecraft.iron_bars":26,"stat.pickup.quark.custom_chest":22,"stat.pickup.tconstruct.battlesign":5,"stat.dispenserInspected":8,"stat.useItem.tconstruct.kama":8,"stat.pickup.minecraft.reeds":149,"stat.mineBlock.tconstruct.stone_torch":6,"stat.pickup.tconstruct.materials":2,"stat.craftItem.storagedrawers.controller":1,"stat.craftItem.minecraft.glass":153,"stat.sleepInBed":65,"stat.mineBlock.quark.roots_blue_flower":3,"stat.walkOneCm":15272275,"stat.craftItem.quark.custom_chest":48,"stat.craftItem.harvestcraft.seedsoupitem":10,"stat.pickup.minecraft.clay_ball":567,"stat.pickup.quark.root_flower":17,"stat.pickup.minecraft.stone":996,"stat.mineBlock.minecraft.wool":1,"stat.pickup.comforts.rope":2,"stat.pickup.minecraft.gold_ingot":2,"stat.killEntity.Skeleton":17,"stat.mineBlock.minecraft.cactus":19,"stat.pickup.harvestcraft.amaranthitem":1,"stat.pickup.cookingforblockheads.cooking_table":1,"stat.killEntity.Spider":20,"stat.pickup.minecraft.bread":12,"stat.pickup.minecraft.quartz":281,"stat.pickup.minecraft.birch_fence":5,"stat.useItem.harvestcraft.ryeitem":2,"stat.craftItem.farmingforblockheads.market":1,"stat.pickup.minecraft.golden_shovel":1,"stat.drop.spiceoflife.lunchbox":2,"stat.mineBlock.minecraft.redstone_ore":116,"stat.mineBlock.tconstruct.casting":12,"stat.craftItem.minecraft.coal_block":25,"stat.useItem.spiceoflife.lunchbox":20,"stat.craftItem.minecraft.brick":41,"stat.killEntity.quark:ashen":1,"stat.mineBlock.minecraft.stone":11931,"stat.useItem.minecraft.sandstone":6,"stat.useItem.harvestcraft.applefritteritem":1}