{"stat.craftItem.immersiveengineering.stone_decoration":57,"stat.drop.tconstruct.knife_blade":4,"stat.mineBlock.quark.roots_white_flower":1,"stat.useItem.minecraft.bow":92,"stat.leaveGame":23,"stat.pickup.tconstruct.longsword":1,"stat.pickup.harvestcraft.soybeanitem":20,"stat.pickup.tconstruct.edible":29,"stat.mineBlock.minecraft.sandstone":32,"stat.craftItem.minecraft.ender_eye":2,"stat.killEntity.PigZombie":2,"stat.pickup.tconstruct.faucet":2,"stat.mineBlock.minecraft.web":9,"stat.useItem.harvestcraft.croissantitem":1,"stat.drop.minecraft.feather":1,"stat.mineBlock.gravestone.gravestone":20,"stat.useItem.harvestcraft.pearitem":4,"stat.pickup.harvestcraft.seaweeditem":1,"stat.useItem.harvestcraft.pizzasliceitem":3,"stat.pickup.minecraft.rotten_flesh":447,"stat.pickup.quark.basalt":1,"stat.craftItem.bigreactors.reactorcasingcores":10,"stat.pickup.minecraft.brick_block":255,"stat.craftItem.minecraft.stone_axe":1,"stat.drop.harvestcraft.tealeafitem":1,"stat.pickup.minecraft.cobblestone_wall":114,"stat.pickup.minecraft.bucket":4,"stat.killEntity.Enderman":10,"stat.mineBlock.minecraft.wooden_slab":1,"stat.pickup.minecraft.leather_boots":6,"stat.pickup.enderio.item_broken_spawner":7,"stat.pickup.minecraft.brown_mushroom":1,"stat.craftItem.bigreactors.reactorfuelrod":1,"stat.killEntity.Witch":1,"stat.drop.minecraft.sand":3,"stat.drop.minecraft.gold_ingot":19,"stat.useItem.minecraft.iron_pickaxe":111,"stat.craftItem.minecraft.wooden_pickaxe":1,"stat.useItem.harvestcraft.agaveitem":12,"stat.mineBlock.minecraft.brick_block":213,"stat.pickup.harvestcraft.rhubarbitem":4,"stat.pickup.minecraft.double_plant":4,"stat.useItem.harvestcraft.cherrypieitem":1,"stat.useItem.harvestcraft.asparagusitem":1,"stat.pickup.harvestcraft.onionitem":5,"stat.pickup.enderio.item_basic_capacitor":4,"stat.mineBlock.minecraft.vine":3,"stat.furnaceInteraction":183,"stat.drop.minecraft.gravel":5,"stat.mineBlock.botania.flower":19,"stat.pickup.trumpetskeleton.trumpet":3,"stat.killEntity.ZombieVillager":8,"stat.pickup.minecraft.nether_brick":325,"stat.pickup.minecraft.beef":4,"stat.useItem.harvestcraft.leafychickensandwichitem":1,"stat.pickup.minecraft.leather_helmet":2,"stat.mineBlock.bigreactors.reactorfuelrod":1,"stat.useItem.harvestcraft.sunflowerseedsitem":5,"stat.useItem.harvestcraft.cherryjuiceitem":1,"stat.mineBlock.tconstruct.ore":217,"stat.pickup.tconstruct.hammer":10,"stat.useItem.minecraft.flint_and_steel":2,"stat.mineBlock.minecraft.fence":1,"stat.pickup.thaumcraft.crystal_essence":769,"stat.killEntity.Husk":24,"stat.pickup.minecraft.emerald":5,"stat.useItem.harvestcraft.roastedchestnutitem":2,"stat.useItem.minecraft.beef":2,"stat.deaths":23,"stat.pickup.minecraft.egg":2,"stat.drop.minecraft.golden_pickaxe":2,"stat.useItem.harvestcraft.okraitem":1,"stat.useItem.minecraft.nether_brick":206,"stat.craftItem.minecraft.iron_pickaxe":1,"stat.pickup.tconstruct.mattock":1,"stat.mineBlock.minecraft.tallgrass":149,"stat.pickup.tconstruct.seared":2,"stat.chestOpened":156,"stat.pickup.conarm.boots_core":1,"stat.pickup.botania.mushroom":20,"stat.pickup.immersiveengineering.material":9,"stat.useItem.minecraft.stone":71,"stat.pickup.minecraft.arrow":526,"stat.pickup.harvestcraft.waterchestnutitem":2,"stat.killEntity.Ghast":5,"stat.pickup.minecraft.gold_nugget":4,"stat.craftItem.minecraft.coal":22,"stat.pickup.harvestcraft.chilipepperitem":2,"stat.mineBlock.botania.mushroom":9,"stat.pickup.tconstruct.cast_custom":1,"stat.pickup.minecraft.carrot":66,"stat.crouchOneCm":106150,"stat.craftItem.minecraft.iron_ingot":153,"stat.useItem.quark.root_flower":4,"stat.useItem.harvestcraft.strawberrypieitem":1,"stat.mineBlock.minecraft.hardened_clay":1,"stat.craftItem.minecraft.hopper":1,"stat.craftingTableInteraction":86,"stat.craftItem.extrautils2.decorativesolid":20,"stat.pickup.harvestcraft.agaveitem":9,"stat.pickup.minecraft.wooden_pickaxe":3,"stat.useItem.minecraft.reeds":15,"stat.pickup.immersiveengineering.stone_decoration":1,"stat.pickup.minecraft.dye":72,"stat.pickup.minecraft.planks":14,"stat.pickup.minecraft.wheat_seeds":81,"stat.pickup.enderio.item_material":17,"stat.mineBlock.minecraft.dirt":432,"stat.craftItem.bigreactors.ingotgraphite":129,"stat.pickup.tconstruct.pattern":3,"stat.pickup.immersiveengineering.seed":17,"stat.useItem.minecraft.bread":24,"stat.entityKilledBy.Stray":1,"stat.drop.minecraft.rotten_flesh":7,"stat.useItem.minecraft.cobblestone":2600,"stat.pickup.minecraft.magma":6,"stat.mineBlock.minecraft.double_plant":17,"stat.pickup.tconstruct.pickaxe":15,"stat.mineBlock.thaumcraft.crystal_aer":21,"stat.pickup.botania.flowerbag":1,"stat.pickup.harvestcraft.peasitem":3,"stat.useItem.harvestcraft.hamandcheesesandwichitem":2,"stat.pickup.minecraft.iron_pickaxe":1,"stat.useItem.tconstruct.pickaxe":3948,"stat.mineBlock.thaumcraft.crystal_terra":11,"stat.craftItem.minecraft.gold_ingot":63,"stat.useItem.harvestcraft.riceitem":1,"stat.pickup.minecraft.tipped_arrow":2,"stat.pickup.wearablebackpacks.backpack":2,"stat.pickup.minecraft.apple":1,"stat.pickup.quark.soul_bead":15,"stat.pickup.bigreactors.reactorcasing":30,"stat.pickup.minecraft.coal_block":7,"stat.craftItem.minecraft.bucket":4,"stat.craftItem.minecraft.planks":92,"stat.useItem.harvestcraft.artichokeitem":1,"stat.useItem.harvestcraft.gooseberryyogurtitem":4,"stat.mineBlock.thaumcraft.crystal_ordo":24,"stat.useItem.harvestcraft.firmtofuitem":1,"stat.useItem.harvestcraft.raspberryitem":1,"stat.useItem.minecraft.stonebrick":2,"stat.mineBlock.minecraft.log":55,"stat.useItem.harvestcraft.elderberryitem":9,"stat.pickup.minecraft.cooked_fish":7,"stat.mineBlock.thaumcraft.ore_cinnabar":4,"stat.cakeSlicesEaten":14,"stat.mineBlock.minecraft.pumpkin":1,"stat.mineBlock.minecraft.cobblestone":140,"stat.pickup.minecraft.stone_pickaxe":4,"stat.pickup.minecraft.flint":45,"stat.mineBlock.minecraft.yellow_flower":2,"stat.entityKilledBy.Witch":1,"stat.pickup.minecraft.leather_chestplate":7,"stat.mineBlock.appliedenergistics2.quartz_ore":14,"stat.mineBlock.thaumcraft.ore_amber":28,"stat.drop.minecraft.cobblestone":3,"stat.pickup.minecraft.cooked_porkchop":4,"stat.useItem.minecraft.obsidian":154,"stat.pickup.harvestcraft.cactusfruititem":2,"stat.useItem.harvestcraft.tomatoitem":4,"stat.useItem.minecraft.stone_slab2":199,"stat.pickup.minecraft.bow":15,"stat.pickup.minecraft.iron_boots":1,"stat.useItem.tconstruct.cleaver":4,"stat.useItem.harvestcraft.gooseberryitem":3,"stat.craftItem.minecraft.furnace":6,"stat.useItem.minecraft.egg":1,"stat.pickup.harvestcraft.broccoliitem":5,"stat.mineBlock.minecraft.obsidian":2,"stat.killEntity.Firebat":21,"stat.pickup.quark.black_ash":17,"stat.craftItem.minecraft.bow":1,"stat.mineBlock.minecraft.clay":47,"stat.useItem.harvestcraft.plainyogurtitem":2,"stat.pickup.minecraft.diamond_leggings":2,"stat.useItem.minecraft.brick_block":165,"stat.flyOneCm":1844979,"stat.pickup.minecraft.sandstone":15,"stat.craftItem.extrautils2.passivegenerator":9,"stat.pickup.minecraft.nether_brick_stairs":6,"stat.drop.harvestcraft.soybeanitem":2,"stat.useItem.harvestcraft.plumitem":7,"stat.drop.minecraft.chainmail_chestplate":2,"stat.timeSinceDeath":359470,"stat.craftItem.minecraft.iron_block":4,"stat.craftItem.minecraft.stonebrick":20,"stat.pickup.harvestcraft.riceitem":1,"stat.useItem.minecraft.potato":28,"stat.pickup.bigreactors.reactorcontroller":1,"stat.craftItem.tconstruct.seared":17,"stat.pickup.minecraft.nether_wart":20,"stat.craftItem.bigreactors.reactorpowertaprf":1,"stat.pickup.enderio.block_enderman_skull":11,"stat.mineBlock.minecraft.coal_ore":263,"stat.killEntity.Creeper":30,"stat.pickup.minecraft.shield":9,"stat.pickup.extrautils2.ingredients":29,"stat.talkedToVillager":2,"stat.pickup.minecraft.wooden_sword":6,"stat.drop.minecraft.baked_potato":1,"stat.pickup.minecraft.string":58,"stat.pickup.comforts.sleeping_bag":26,"stat.pickup.harvestcraft.asparagusitem":1,"stat.entityKilledBy.Skeleton":4,"stat.useItem.minecraft.written_book":1,"stat.sprintOneCm":2155185,"stat.mineBlock.minecraft.stone_slab":2,"stat.pickup.immersiveengineering.tool":1,"stat.useItem.harvestcraft.cottonitem":1,"stat.useItem.harvestcraft.friedeggitem":1,"stat.pickup.extrautils2.passivegenerator":3,"stat.drop.tconstruct.cleaver":1,"stat.mineBlock.minecraft.diamond_ore":17,"stat.mineBlock.harvestcraft.pamapple":1,"stat.useItem.harvestcraft.chickencordonbleuitem":1,"stat.pickup.extrautils2.decorativesolid":1,"stat.useItem.harvestcraft.waterchestnutitem":2,"stat.pickup.minecraft.leather_leggings":12,"stat.useItem.tconstruct.seared_tank":2,"stat.mineBlock.quark.marble":7,"stat.pickup.harvestcraft.cassavaitem":4,"stat.useItem.minecraft.wooden_sword":4,"stat.pickup.tconstruct.ore":253,"stat.pickup.minecraft.iron_block":2,"stat.killEntity.Zombie":214,"stat.useItem.tconstruct.hammer":2418,"stat.mineBlock.minecraft.gold_ore":20,"stat.diveOneCm":36050,"stat.pickup.minecraft.wheat":22,"stat.craftItem.minecraft.sandstone":33,"stat.pickup.tconstruct.tooltables":2,"stat.mineBlock.minecraft.mossy_cobblestone":9,"stat.pickup.minecraft.sign":2,"stat.craftItem.minecraft.cooked_porkchop":24,"stat.useItem.minecraft.chicken":2,"stat.pickup.minecraft.stone_axe":8,"stat.pickup.harvestcraft.potitem":1,"stat.mineBlock.extrautils2.resonator":2,"stat.pickup.minecraft.obsidian":150,"stat.pickup.harvestcraft.ryeitem":2,"stat.useItem.harvestcraft.coffeebeanitem":2,"stat.useItem.minecraft.rotten_flesh":96,"stat.useItem.immersiveengineering.stone_decoration":53,"stat.jump":19150,"stat.pickup.harvestcraft.bananaitem":1,"stat.useItem.minecraft.sand":35,"stat.pickup.minecraft.coal":521,"stat.pickup.minecraft.iron_ingot":48,"stat.pickup.tconstruct.seared_tank":15,"stat.pickup.minecraft.gunpowder":61,"stat.pickup.harvestcraft.milletitem":1,"stat.craftItem.minecraft.torch":256,"stat.pickup.minecraft.dirt":564,"stat.pickup.minecraft.stone_shovel":5,"stat.useItem.minecraft.sapling":1,"stat.pickup.minecraft.gold_ore":44,"stat.drop.tconstruct.hammer":1,"stat.mineBlock.minecraft.lapis_ore":6,"stat.useItem.harvestcraft.enchiladaitem":1,"stat.drop.minecraft.gold_block":2,"stat.killEntity.quark:wraith":14,"stat.mineBlock.harvestcraft.aridgarden":20,"stat.pickup.minecraft.iron_axe":4,"stat.damageTaken":12618,"stat.mineBlock.minecraft.torch":49,"stat.killEntity.tconstruct.blueslime":15,"stat.pickup.minecraft.written_book":2,"stat.pickup.immersiveengineering.metal":9,"stat.useItem.harvestcraft.radishitem":2,"stat.pickup.minecraft.magma_cream":4,"stat.mineBlock.minecraft.sandstone_stairs":4,"stat.craftItem.minecraft.comparator":1,"stat.pickup.minecraft.bed":1,"stat.pickup.minecraft.potato":24,"stat.entityKilledBy.Zombie":4,"stat.pickup.minecraft.diamond_axe":1,"stat.pickup.minecraft.rabbit_hide":1,"stat.killEntity.Silverfish":2,"stat.useItem.harvestcraft.onionitem":2,"stat.useItem.harvestcraft.sisalitem":2,"stat.pickup.minecraft.diamond_pickaxe":2,"stat.pickup.harvestcraft.greengrapeitem":1,"stat.craftItem.bigreactors.reactoraccessport":1,"stat.useItem.minecraft.lava_bucket":20,"stat.drop.tconstruct.materials":1,"stat.pickup.minecraft.rabbit_foot":1,"stat.pickup.harvestcraft.celeryitem":2,"stat.drop.minecraft.netherrack":3,"stat.mineBlock.quark.gunpowder_block":1,"stat.pickup.harvestcraft.spiceleafitem":4,"stat.craftItem.minecraft.iron_chestplate":1,"stat.pickup.minecraft.baked_potato":6,"stat.useItem.harvestcraft.bananayogurtitem":1,"stat.pickup.minecraft.ender_pearl":13,"stat.useItem.minecraft.netherrack":128,"stat.killEntity.Stray":4,"stat.mineBlock.minecraft.stonebrick":47,"stat.useItem.harvestcraft.parsnipitem":3,"stat.pickup.harvestcraft.strawberryitem":1,"stat.mineBlock.minecraft.glowstone":20,"stat.killEntity.quark:dweller":3,"stat.mobKills":578,"stat.useItem.minecraft.cobblestone_wall":178,"stat.pickup.minecraft.diamond":50,"stat.pickup.minecraft.beetroot_seeds":94,"stat.pickup.harvestcraft.raspberryitem":1,"stat.pickup.minecraft.torch":636,"stat.pickup.thaumcraft.brain":58,"stat.pickup.harvestcraft.beetitem":1,"stat.useItem.harvestcraft.mulberryitem":2,"stat.pickup.tconstruct.book":6,"stat.mineBlock.quark.netherrack_speleothem":2,"stat.pickup.tconstruct.shuriken":1,"stat.mineBlock.tconstruct.seared_tank":13,"stat.useItem.harvestcraft.rhubarbitem":6,"stat.mineBlock.thaumcraft.ore_quartz":6,"stat.pickup.bigreactors.reactorfuelrod":1,"stat.killEntity.trumpetskeleton.TrumpetSkeleton":9,"stat.useItem.harvestcraft.seaweeditem":1,"stat.killEntity.Blaze":6,"stat.useItem.harvestcraft.bakedcactusitem":4,"stat.pickup.gravestone.death_info":17,"stat.useItem.minecraft.poisonous_potato":2,"stat.useItem.minecraft.mutton":2,"stat.useItem.minecraft.planks":1,"stat.drop.tconstruct.pickaxe":2,"stat.useItem.minecraft.golden_shovel":1,"stat.pickup.minecraft.glowstone_dust":45,"stat.mineBlock.immersiveengineering.ore":119,"stat.useItem.harvestcraft.chestnutbutteritem":2,"stat.craftItem.bigreactors.reactorcontrolrod":1,"stat.useItem.harvestcraft.butteredpotatoitem":5,"stat.useItem.minecraft.water_bucket":16,"stat.useItem.harvestcraft.soybeanitem":4,"stat.pickup.minecraft.sand":224,"stat.drop.minecraft.golden_leggings":1,"stat.pickup.minecraft.hardened_clay":2,"stat.pickup.hooked.hook":11,"stat.useItem.harvestcraft.walnutitem":2,"stat.drop.minecraft.hardened_clay":1,"stat.craftItem.tconstruct.casting":2,"stat.craftItem.minecraft.cobblestone_wall":282,"stat.useItem.minecraft.ender_pearl":1,"stat.pickup.minecraft.chainmail_chestplate":2,"stat.mineBlock.minecraft.sand":194,"stat.craftItem.extrautils2.resonator":1,"stat.useItem.harvestcraft.stockitem":14,"stat.pickup.quark.marble":8,"stat.pickup.quark.rune":2,"stat.craftItem.minecraft.cooked_fish":7,"stat.craftItem.minecraft.blaze_powder":4,"stat.hopperInspected":7,"stat.mineBlock.tconstruct.slime_grass_tall":2,"stat.pickup.minecraft.ghast_tear":4,"stat.pickup.minecraft.armor_stand":1,"stat.drop.gravestone.death_info":15,"stat.craftItem.bigreactors.reactorcasing":40,"stat.pickup.harvestcraft.spinachitem":2,"stat.pickup.tconstruct.cleaver":11,"stat.useItem.minecraft.cooked_mutton":2,"stat.mineBlock.harvestcraft.windygarden":16,"stat.pickup.minecraft.iron_chestplate":11,"stat.pickup.spiceoflife.lunchbox":13,"stat.pickup.minecraft.skull":139,"stat.useItem.minecraft.stone_stairs":35,"stat.mineBlock.extrautils2.passivegenerator":3,"stat.drop.tconstruct.broadsword":1,"stat.pickup.minecraft.stone_stairs":7,"stat.pickup.thaumcraft.nugget":6,"stat.mineBlock.minecraft.brick_stairs":41,"stat.pickup.tconstruct.slime_dirt":10,"stat.mineBlock.minecraft.soul_sand":26,"stat.mineBlock.minecraft.oak_stairs":2,"stat.playOneMinute":2675962,"stat.pickup.minecraft.blaze_rod":2,"stat.pickup.minecraft.iron_bars":10,"stat.pickup.minecraft.netherrack":973,"stat.pickup.harvestcraft.cottonitem":2,"stat.pickup.harvestcraft.tomatoitem":4,"stat.pickup.tconstruct.casting":3,"stat.pickup.conarm.chestplate":14,"stat.mineBlock.minecraft.netherrack":1124,"stat.drop.harvestcraft.juteitem":1,"stat.mineBlock.tconstruct.faucet":2,"stat.pickup.minecraft.brick_stairs":76,"stat.useItem.harvestcraft.plumjuiceitem":1,"stat.fallOneCm":117110,"stat.useItem.harvestcraft.chilipepperitem":2,"stat.useItem.bigreactors.reactorcasing":51,"stat.useItem.harvestcraft.appleyogurtitem":1,"stat.pickup.minecraft.red_mushroom":1,"stat.pickup.minecraft.golden_leggings":4,"stat.pickup.minecraft.feather":8,"stat.drop.minecraft.iron_leggings":2,"stat.useItem.minecraft.furnace":1,"stat.craftItem.tconstruct.materials":10,"stat.pickup.antiqueatlas.antique_atlas":6,"stat.pickup.theoneprobe.probenote":4,"stat.pickup.minecraft.iron_leggings":6,"stat.useItem.harvestcraft.zombiejerkyitem":11,"stat.mineBlock.minecraft.gravel":185,"stat.useItem.minecraft.stone_pickaxe":115,"stat.killEntity.Rabbit":1,"stat.useItem.harvestcraft.cherryitem":6,"stat.entityKilledBy.Ghast":1,"stat.drop.minecraft.iron_axe":2,"stat.pickup.minecraft.flint_and_steel":6,"stat.mineBlock.minecraft.quartz_stairs":1,"stat.mineBlock.minecraft.monster_egg":2,"stat.useItem.minecraft.torch":259,"stat.useItem.harvestcraft.cactussoupitem":3,"stat.useItem.harvestcraft.spiceleafitem":1,"stat.craftItem.minecraft.redstone_block":1,"stat.craftItem.minecraft.stone_stairs":104,"stat.useItem.minecraft.log":1,"stat.pickup.minecraft.crafting_table":2,"stat.craftItem.minecraft.crafting_table":4,"stat.entityKilledBy.Firebat":1,"stat.mineBlock.quark.stone_speleothem":3,"stat.killEntity.LavaSlime":62,"stat.pickup.harvestcraft.cottonseeditem":1,"stat.mineBlock.minecraft.emerald_ore":3,"stat.pickup.minecraft.redstone_block":4,"stat.pickup.minecraft.log":94,"stat.useItem.minecraft.cooked_fish":12,"stat.pickup.minecraft.compass":10,"stat.pickup.enderio.item_soul_vial":8,"stat.pickup.minecraft.sapling":37,"stat.entityKilledBy.Enderman":1,"stat.drop.harvestcraft.broccoliitem":1,"stat.pickup.minecraft.beetroot":63,"stat.mineBlock.quark.basalt":2,"stat.useItem.harvestcraft.ramenitem":2,"stat.craftItem.bigreactors.reactorcontroller":1,"stat.entityKilledBy.quark:dweller":1,"stat.pickup.tconstruct.broadsword":5,"stat.mineBlock.tconstruct.slime_grass":1,"stat.pickup.minecraft.diamond_helmet":2,"stat.killEntity.WitherSkeleton":7,"stat.pickup.harvestcraft.rutabagaitem":1,"stat.drop.comforts.sleeping_bag":2,"stat.useItem.harvestcraft.greengrapeitem":1,"stat.pickup.minecraft.golden_sword":1,"stat.mineBlock.bigreactors.oreyellorite":4,"stat.pickup.harvestcraft.juteitem":1,"stat.pickup.tconstruct.slime_boots":5,"stat.sneakTime":53435,"stat.pickup.harvestcraft.tealeafitem":1,"stat.pickup.thaumcraft.amber":84,"stat.mineBlock.minecraft.cobblestone_wall":19,"stat.mineBlock.thaumcraft.crystal_perditio":24,"stat.pickup.minecraft.rabbit":1,"stat.useItem.minecraft.baked_potato":11,"stat.useItem.minecraft.beetroot":44,"stat.pickup.minecraft.chest":3,"stat.pickup.harvestcraft.gooseberryitem":2,"stat.useItem.minecraft.brick_stairs":6,"stat.pickup.immersiveengineering.ore":214,"stat.pickup.minecraft.bone":251,"stat.mineBlock.bigreactors.reactorcasing":30,"stat.pickup.conarm.helmet":13,"stat.useItem.harvestcraft.soymilkitem":5,"stat.horseOneCm":5275,"stat.useItem.harvestcraft.garlicitem":4,"stat.pickup.minecraft.lit_pumpkin":1,"stat.drop.tconstruct.sharpening_kit":1,"stat.useItem.harvestcraft.hazelnutitem":2,"stat.pickup.immersiveengineering.wooden_device0":1,"stat.useItem.harvestcraft.cassavaitem":2,"stat.pickup.bigreactors.oreyellorite":4,"stat.swimOneCm":145211,"stat.climbOneCm":6098,"stat.useItem.harvestcraft.peppermintitem":2,"stat.craftItem.minecraft.gold_block":1,"stat.useItem.harvestcraft.strawberryitem":2,"stat.mineBlock.quark.roots":7,"stat.pickup.harvestcraft.okraitem":2,"stat.useItem.minecraft.dirt":182,"stat.pickup.harvestcraft.chickpeaitem":32,"stat.pickup.tconstruct.scythe":1,"stat.useItem.minecraft.iron_ore":2,"stat.craftItem.minecraft.stone_pickaxe":1,"stat.mineBlock.minecraft.magma":3,"stat.pickup.minecraft.cobblestone":4119,"stat.pickup.minecraft.quartz_stairs":1,"stat.mineBlock.minecraft.redstone_block":2,"stat.pickup.harvestcraft.lentilitem":3,"stat.useItem.minecraft.stone_shovel":262,"stat.pickup.minecraft.soul_sand":26,"stat.pickup.appliedenergistics2.material":29,"stat.mineBlock.quark.custom_chest":10,"stat.drop.minecraft.wheat_seeds":1,"stat.pickup.minecraft.cactus":94,"stat.pickup.minecraft.golden_pickaxe":2,"stat.pickup.minecraft.redstone":349,"stat.mineBlock.minecraft.iron_ore":275,"stat.useItem.tconstruct.broadsword":13,"stat.useItem.harvestcraft.peanutitem":3,"stat.pickup.spiceoflife.lunchbag":5,"stat.useItem.harvestcraft.chickpeaitem":7,"stat.pickup.minecraft.mossy_cobblestone":8,"stat.mineBlock.minecraft.coal_block":6,"stat.pickup.minecraft.stonebrick":34,"stat.useItem.minecraft.cooked_porkchop":12,"stat.pickup.minecraft.iron_shovel":2,"stat.drop.minecraft.beetroot_seeds":1,"stat.pickup.minecraft.diamond_shovel":1,"stat.mineBlock.minecraft.nether_brick":388,"stat.useItem.harvestcraft.tiropitaitem":1,"stat.craftItem.tconstruct.slime_boots":1,"stat.craftItem.minecraft.stone_slab2":20,"stat.pickup.harvestcraft.mulberryitem":2,"stat.useItem.harvestcraft.bibimbapitem":1,"stat.pickup.minecraft.paper":4,"stat.craftItem.minecraft.stick":88,"stat.useItem.extrautils2.passivegenerator":10,"stat.craftItem.minecraft.stone":108,"stat.pickup.minecraft.grass":2,"stat.pickup.harvestcraft.barleyitem":1,"stat.useItem.tconstruct.casting":1,"stat.mineBlock.minecraft.crafting_table":1,"stat.pickup.extrautils2.resonator":2,"stat.useItem.minecraft.carrot":35,"stat.drop.harvestcraft.gooseberryitem":2,"stat.useItem.harvestcraft.turnipitem":2,"stat.craftItem.minecraft.clay_ball":148,"stat.useItem.harvestcraft.breakfastburritoitem":1,"stat.pickup.conarm.boots":14,"stat.entityKilledBy.Creeper":2,"stat.pickup.botania.flower":22,"stat.mineBlock.minecraft.planks":5,"stat.drop":94,"stat.mineBlock.thaumcraft.crystal_aqua":16,"stat.useItem.harvestcraft.toastitem":2,"stat.useItem.tconstruct.seared":17,"stat.pickup.minecraft.golden_chestplate":3,"stat.craftItem.minecraft.clay":32,"stat.pickup.harvestcraft.garlicitem":1,"stat.craftItem.minecraft.piston":2,"stat.killEntity.BrainyZombie":3,"stat.mineBlock.botania.doubleflower2":1,"stat.useItem.immersiveengineering.tool":2,"stat.mineBlock.botania.doubleflower1":1,"stat.pickup.minecraft.gravel":292,"stat.pickup.thaumcraft.curio":2,"stat.killEntity.Slime":1,"stat.useItem.minecraft.apple":8,"stat.pickup.buildinggadgets.constructionpaste":250,"stat.mineBlock.minecraft.deadbush":3,"stat.mineBlock.quark.roots_black_flower":1,"stat.useItem.minecraft.porkchop":4,"stat.pickup.tconstruct.sharpening_kit":31,"stat.mineBlock.tconstruct.slime_dirt":6,"stat.pickup.harvestcraft.blackberryitem":3,"stat.pickup.tconstruct.hatchet":1,"stat.pickup.minecraft.brick":28,"stat.pickup.minecraft.fence":1,"stat.pickup.minecraft.iron_helmet":5,"stat.pickup.conarm.leggings":13,"stat.useItem.minecraft.stone_axe":106,"stat.mineBlock.harvestcraft.shadedgarden":18,"stat.pickup.minecraft.spider_eye":9,"stat.useItem.harvestcraft.surfandturfitem":1,"stat.useItem.harvestcraft.strawberryrhubarbpieitem":1,"stat.pickup.harvestcraft.bellpepperitem":1,"stat.mineBlock.harvestcraft.frostgarden":14,"stat.pickup.minecraft.iron_ore":422,"stat.pickup.tconstruct.slime_congealed":22,"stat.mineBlock.minecraft.iron_bars":8,"stat.craftItem.minecraft.flint_and_steel":1,"stat.mineBlock.tconstruct.tooltables":1,"stat.pickup.quark.custom_chest":10,"stat.mineBlock.minecraft.stone_stairs":1,"stat.pickup.tconstruct.battlesign":1,"stat.useItem.minecraft.wooden_pickaxe":18,"stat.dispenserInspected":2,"stat.useItem.harvestcraft.mustardseedsitem":9,"stat.pickup.minecraft.reeds":200,"stat.pickup.tconstruct.materials":5,"stat.damageDealt":91182,"stat.pickup.extrautils2.wateringcan":1,"stat.killEntity.Wisp":2,"stat.sleepInBed":56,"stat.mineBlock.minecraft.nether_brick_stairs":11,"stat.useItem.harvestcraft.chestnutitem":2,"stat.mineBlock.quark.roots_blue_flower":1,"stat.pickup.harvestcraft.elderberryitem":5,"stat.craftItem.minecraft.stone_shovel":2,"stat.walkOneCm":7780460,"stat.useItem.quark.custom_chest":3,"stat.playerKills":3,"stat.pickup.minecraft.stick":28,"stat.useItem.harvestcraft.boiledeggitem":1,"stat.craftItem.quark.custom_chest":4,"stat.pickup.minecraft.clay_ball":320,"stat.pickup.extrautils2.minichest":8,"stat.useItem.enderio.item_soul_vial":1,"stat.useItem.harvestcraft.cheeseitem":8,"stat.pickup.quark.root_flower":1,"stat.drop.minecraft.iron_chestplate":6,"stat.pickup.minecraft.stone":414,"stat.useItem.harvestcraft.silkentofuitem":1,"stat.craftItem.minecraft.redstone":90,"stat.mineBlock.thaumcraft.crystal_ignis":4,"stat.pickup.minecraft.gold_ingot":2,"stat.killEntity.Skeleton":91,"stat.mineBlock.minecraft.cactus":25,"stat.pickup.thaumcraft.ore_cinnabar":5,"stat.killEntity.Spider":32,"stat.mineBlock.minecraft.quartz_ore":390,"stat.pickup.minecraft.quartz":477,"stat.pickup.harvestcraft.plumitem":1,"stat.useItem.minecraft.golden_apple":1,"stat.pickup.minecraft.golden_shovel":3,"stat.pickup.minecraft.water_bucket":2,"stat.mineBlock.minecraft.leaves":104,"stat.useItem.harvestcraft.broccoliitem":2,"stat.mineBlock.tconstruct.seared":1,"stat.mineBlock.minecraft.redstone_ore":31,"stat.mineBlock.tconstruct.casting":2,"stat.pickup.minecraft.lava_bucket":1,"stat.craftItem.minecraft.coal_block":7,"stat.useItem.spiceoflife.lunchbox":59,"stat.mineBlock.harvestcraft.soggygarden":18,"stat.craftItem.minecraft.brick":83,"stat.mineBlock.immersiveengineering.stone_decoration":1,"stat.mineBlock.minecraft.stone":3059}