{"stat.useItem.minecraft.bow":12,"stat.craftItem.harvestcraft.cherry_sapling":6,"stat.useItem.minecraft.painting":20,"stat.craftItem.harvestcraft.rawtofurkeyitem":4,"stat.craftItem.harvestcraft.rosepetalteaitem":8,"stat.craftItem.harvestcraft.vegemiteitem":2,"stat.useItem.harvestcraft.applepieitem":2,"stat.craftItem.harvestcraft.grilledcheesevegemitetoastitem":1,"stat.craftItem.harvestcraft.mashedpotatoesitem":20,"stat.mineBlock.minecraft.web":2,"stat.useItem.harvestcraft.blackberryjuiceitem":1,"stat.pickup.harvestcraft.seaweeditem":16,"stat.pickup.minecraft.rotten_flesh":126,"stat.craftItem.harvestcraft.peppercorn_sapling":1,"stat.pickup.minecraft.cobblestone_wall":186,"stat.pickup.minecraft.bucket":5,"stat.pickup.minecraft.brown_mushroom":9,"stat.pickup.harvestcraft.scallionitem":85,"stat.useItem.tconstruct.slime_sapling":12,"stat.pickup.quark.tallow":23,"stat.useItem.minecraft.iron_pickaxe":251,"stat.craftItem.harvestcraft.toastitem":6,"stat.pickup.minecraft.stained_hardened_clay":29,"stat.useItem.harvestcraft.agaveitem":13,"stat.pickup.minecraft.double_plant":119,"stat.craftItem.harvestcraft.cherrypieitem":1,"stat.pickup.enderio.item_basic_capacitor":1,"stat.pickup.minecraft.wooden_shovel":1,"stat.furnaceInteraction":105,"stat.craftItem.harvestcraft.applepieitem":11,"stat.pickup.harvestcraft.cornitem":403,"stat.pickup.harvestcraft.brusselsproutitem":3,"stat.useItem.harvestcraft.leafychickensandwichitem":1,"stat.useItem.tconstruct.stone_torch":43,"stat.craftItem.botania.fertilizer":26,"stat.mineBlock.cookingforblockheads.fridge":2,"stat.craftItem.botania.pool":1,"stat.mineBlock.minecraft.fence":2,"stat.useItem.minecraft.wheat_seeds":78,"stat.pickup.harvestcraft.rawtofurkeyitem":20,"stat.useItem.botania.twigwand":5,"stat.useItem.harvestcraft.roastedchestnutitem":2,"stat.deaths":10,"stat.pickup.minecraft.egg":145,"stat.craftItem.minecraft.wooden_shovel":1,"stat.useItem.harvestcraft.cottoncandyitem":2,"stat.pickup.minecraft.clock":4,"stat.pickup.tconstruct.mattock":5,"stat.craftItem.minecraft.repeater":2,"stat.chestOpened":160,"stat.pickup.conarm.boots_core":1,"stat.pickup.harvestcraft.cherry_sapling":5,"stat.craftItem.minecraft.mushroom_stew":2,"stat.craftItem.minecraft.sign":18,"stat.pickup.harvestcraft.waterchestnutitem":1,"stat.craftItem.harvestcraft.soursop_sapling":2,"stat.craftItem.minecraft.quartz_block":12,"stat.craftItem.minecraft.coal":68,"stat.mineBlock.botania.mushroom":1,"stat.mineBlock.harvestcraft.soursop_sapling":4,"stat.craftItem.harvestcraft.croissantitem":10,"stat.pickup.botania.lexicon":2,"stat.pickup.enderio.item_alloy_ingot":5,"stat.pickup.minecraft.carrot":357,"stat.useItem.harvestcraft.seedsoupitem":2,"stat.useItem.spiceoflife.lunchbag":27,"stat.crouchOneCm":2611,"stat.pickup.harvestcraft.espressoitem":3,"stat.craftItem.harvestcraft.plainyogurtitem":82,"stat.craftItem.minecraft.iron_ingot":36,"stat.craftingTableInteraction":97,"stat.craftItem.tconstruct.pattern":6,"stat.pickup.minecraft.wooden_pickaxe":1,"stat.craftItem.harvestcraft.bakedhamitem":2,"stat.useItem.harvestcraft.dandelionteaitem":2,"stat.pickup.minecraft.dye":127,"stat.pickup.minecraft.planks":115,"stat.craftItem.harvestcraft.leafychickensandwichitem":15,"stat.pickup.tconstruct.pattern":1,"stat.pickup.tconstruct.pickaxe":10,"stat.useItem.harvestcraft.sweetpotatoitem":11,"stat.useItem.harvestcraft.riceitem":6,"stat.pickup.minecraft.chicken":4,"stat.pickup.quark.soul_bead":3,"stat.craftItem.minecraft.bucket":2,"stat.pickup.harvestcraft.pamchestnut":2,"stat.craftItem.minecraft.planks":1160,"stat.useItem.minecraft.stonebrick":9,"stat.pickup.minecraft.book":3,"stat.useItem.harvestcraft.grilledcheesevegemitetoastitem":1,"stat.useItem.harvestcraft.elderberryitem":11,"stat.pickup.minecraft.cooked_fish":5,"stat.craftItem.harvestcraft.saucepanitem":2,"stat.mineBlock.minecraft.cobblestone":17,"stat.mineBlock.minecraft.pumpkin":64,"stat.pickup.minecraft.flint":5,"stat.pickup.minecraft.leather_chestplate":3,"stat.pickup.minecraft.flower_pot":1,"stat.pickup.harvestcraft.soursop_sapling":4,"stat.useItem.minecraft.stone_slab2":600,"stat.craftItem.minecraft.furnace":12,"stat.craftItem.harvestcraft.cactussoupitem":14,"stat.pickup.harvestcraft.jicamaitem":4,"stat.useItem.harvestcraft.plumitem":1,"stat.useItem.harvestcraft.jicamaitem":2,"stat.craftItem.harvestcraft.pearjellyitem":2,"stat.craftItem.harvestcraft.blackberryjuiceitem":1,"stat.killEntity.Creeper":3,"stat.pickup.minecraft.wooden_sword":3,"stat.pickup.comforts.sleeping_bag":20,"stat.pickup.harvestcraft.doughitem":55,"stat.craftItem.harvestcraft.bakedbeetsitem":4,"stat.entityKilledBy.Skeleton":5,"stat.sprintOneCm":247320,"stat.useItem.harvestcraft.apple_sapling":1,"stat.pickup.cookingforblockheads.fridge":2,"stat.craftItem.cookingforblockheads.fridge":4,"stat.useItem.harvestcraft.friedeggitem":1,"stat.useItem.harvestcraft.cottonitem":2,"stat.craftItem.harvestcraft.grinder":2,"stat.pickup.minecraft.leather_leggings":1,"stat.pickup.minecraft.sugar":6,"stat.pickup.harvestcraft.mustardseedsitem":106,"stat.pickup.harvestcraft.cassavaitem":124,"stat.craftItem.minecraft.emerald":33,"stat.killEntity.Zombie":27,"stat.craftItem.minecraft.dye":352,"stat.mineBlock.minecraft.gold_ore":19,"stat.pickup.minecraft.wheat":409,"stat.craftItem.harvestcraft.friedeggitem":2,"stat.pickup.minecraft.sign":4,"stat.mineBlock.harvestcraft.nutmeg_sapling":2,"stat.mineBlock.tconstruct.slime_leaves":18,"stat.craftItem.botania.altar":2,"stat.pickup.harvestcraft.ryeitem":2,"stat.mineBlock.botania.spreader":1,"stat.useItem.harvestcraft.coffeebeanitem":4,"stat.pickup.harvestcraft.bananaitem":1,"stat.pickup.minecraft.coal":233,"stat.pickup.minecraft.iron_ingot":20,"stat.pickup.harvestcraft.plum_sapling":3,"stat.pickup.minecraft.gunpowder":2,"stat.pickup.harvestcraft.milletitem":5,"stat.pickup.minecraft.dirt":650,"stat.craftItem.harvestcraft.blackberryyogurtitem":11,"stat.craftItem.harvestcraft.dandelionteaitem":6,"stat.mineBlock.minecraft.lapis_ore":3,"stat.pickup.minecraft.iron_axe":2,"stat.mineBlock.minecraft.torch":47,"stat.mineBlock.minecraft.red_flower":16,"stat.pickup.minecraft.written_book":1,"stat.tradedWithVillager":33,"stat.pickup.tconstruct.pick_head":1,"stat.pickup.harvestcraft.pawpawitem":99,"stat.craftItem.minecraft.comparator":1,"stat.useItem.minecraft.birch_fence":136,"stat.pickup.harvestcraft.peppercornitem":18,"stat.pickup.botania.spreader":1,"stat.pickup.minecraft.rabbit_hide":1,"stat.craftItem.extrautils2.wateringcan":2,"stat.craftItem.harvestcraft.bibimbapitem":15,"stat.useItem.harvestcraft.onionitem":6,"stat.mineBlock.minecraft.birch_fence":45,"stat.craftItem.harvestcraft.butteritem":150,"stat.pickup.harvestcraft.greengrapeitem":2,"stat.craftItem.harvestcraft.flouritem":154,"stat.useItem.harvestcraft.pamsoursop":1,"stat.useItem.minecraft.lava_bucket":10,"stat.useItem.cookingforblockheads.cabinet":10,"stat.pickup.harvestcraft.spiceleafitem":102,"stat.craftItem.harvestcraft.walnut_sapling":2,"stat.useItem.harvestcraft.parsnipitem":1,"stat.killEntity.quark:dweller":1,"stat.mobKills":145,"stat.mineBlock.minecraft.bookshelf":1,"stat.pickup.minecraft.diamond":6,"stat.pickup.minecraft.beetroot_seeds":345,"stat.pickup.harvestcraft.raspberryitem":1,"stat.pickup.thaumcraft.brain":8,"stat.pickup.botania.livingrock":32,"stat.craftItem.harvestcraft.chestnutbutteritem":4,"stat.pickup.tconstruct.shuriken":1,"stat.useItem.harvestcraft.rhubarbitem":1,"stat.pickup.harvestcraft.biscuitsandgravyitem":9,"stat.craftItem.harvestcraft.cornmealitem":67,"stat.useItem.harvestcraft.bakedcactusitem":1,"stat.craftItem.harvestcraft.plumjuiceitem":2,"stat.craftItem.harvestcraft.sausageitem":10,"stat.pickup.harvestcraft.cookedtofeegitem":21,"stat.useItem.minecraft.golden_shovel":31,"stat.mineBlock.immersiveengineering.ore":2,"stat.mineBlock.minecraft.stone_brick_stairs":1,"stat.pickup.harvestcraft.nutmeg_sapling":2,"stat.pickup.hooked.hook":7,"stat.useItem.harvestcraft.walnutitem":1,"stat.pickup.harvestcraft.sweetpotatoitem":163,"stat.pickup.minecraft.wooden_hoe":1,"stat.craftItem.minecraft.stone_sword":1,"stat.pickup.minecraft.chainmail_chestplate":1,"stat.mineBlock.minecraft.sand":278,"stat.useItem.harvestcraft.stockitem":12,"stat.hopperInspected":12,"stat.pickup.tconstruct.slime_sapling":14,"stat.mineBlock.harvestcraft.plum_sapling":3,"stat.craftItem.harvestcraft.chickendinneritem":20,"stat.mineBlock.cookingforblockheads.cabinet":8,"stat.craftItem.minecraft.pumpkin_seeds":24,"stat.pickup.harvestcraft.peanutbutteritem":4,"stat.pickup.harvestcraft.cookedtofabbititem":44,"stat.mineBlock.harvestcraft.windygarden":1,"stat.pickup.spiceoflife.lunchbox":3,"stat.drop.minecraft.pumpkin_seeds":1,"stat.useItem.tconstruct.scythe":34,"stat.pickup.harvestcraft.grainbaititem":57,"stat.pickup.minecraft.stone_stairs":128,"stat.pickup.tconstruct.slime_dirt":22,"stat.pickup.minecraft.pumpkin_seeds":24,"stat.pickup.minecraft.netherrack":91,"stat.pickup.harvestcraft.cottonitem":76,"stat.mineBlock.botania.specialflower":1,"stat.pickup.minecraft.pumpkin":122,"stat.pickup.harvestcraft.kaleitem":8,"stat.mineBlock.cookingforblockheads.kitchen_floor":4,"stat.useItem.harvestcraft.cookedtofabbititem":1,"stat.useItem.harvestcraft.chilipepperitem":2,"stat.pickup.harvestcraft.gooseberryyogurtitem":2,"stat.craftItem.tconstruct.materials":2,"stat.pickup.antiqueatlas.antique_atlas":1,"stat.mineBlock.minecraft.gravel":24,"stat.useItem.minecraft.wool":1,"stat.pickup.harvestcraft.soysauceitem":98,"stat.pickup.minecraft.flint_and_steel":3,"stat.useItem.minecraft.torch":172,"stat.pickup.minecraft.golden_apple":5,"stat.useItem.harvestcraft.spiceleafitem":5,"stat.craftItem.minecraft.redstone_block":1,"stat.pickup.minecraft.birch_fence_gate":1,"stat.pickup.minecraft.crafting_table":2,"stat.useItem.minecraft.log":33,"stat.craftItem.minecraft.crafting_table":3,"stat.craftItem.quark.spruce_pressure_plate":3,"stat.pickup.minecraft.iron_hoe":2,"stat.pickup.minecraft.compass":2,"stat.pickup.enderio.item_soul_vial":8,"stat.craftItem.harvestcraft.bakewareitem":2,"stat.craftItem.harvestcraft.rawtofickenitem":14,"stat.pickup.minecraft.sapling":127,"stat.pickup.minecraft.beetroot":375,"stat.pickup.harvestcraft.parsnipitem":50,"stat.mineBlock.tconstruct.slime_grass":7,"stat.craftItem.harvestcraft.freshmilkitem":18,"stat.craftItem.harvestcraft.plum_sapling":3,"stat.pickup.harvestcraft.rawtofaconitem":109,"stat.craftItem.minecraft.sugar":197,"stat.pickup.harvestcraft.juteitem":315,"stat.pickup.harvestcraft.tealeafitem":69,"stat.craftItem.botania.twigwand":1,"stat.useItem.minecraft.baked_potato":2,"stat.pickup.minecraft.yellow_flower":66,"stat.pickup.harvestcraft.avocadoitem":4,"stat.mineBlock.harvestcraft.cherry_sapling":5,"stat.pickup.minecraft.bone":77,"stat.horseOneCm":10269,"stat.pickup.immersiveengineering.wooden_device0":1,"stat.craftItem.harvestcraft.strawberryrhubarbpieitem":6,"stat.useItem.harvestcraft.tealeafitem":3,"stat.mineBlock.minecraft.brown_mushroom":3,"stat.climbOneCm":17594,"stat.mineBlock.quark.roots":2,"stat.pickup.harvestcraft.okraitem":3,"stat.pickup.harvestcraft.pamwalnut":5,"stat.mineBlock.harvestcraft.walnut_sapling":3,"stat.craftItem.harvestcraft.veggiestripsitem":10,"stat.useItem.harvestcraft.pampawpaw":6,"stat.craftItem.minecraft.stone_pickaxe":2,"stat.pickup.minecraft.cobblestone":883,"stat.useItem.harvestcraft.juteitem":80,"stat.pickup.minecraft.soul_sand":2,"stat.pickup.harvestcraft.sunflowerseedsitem":3,"stat.mineBlock.quark.custom_chest":5,"stat.useItem.harvestcraft.whitemushroomitem":2,"stat.pickup.minecraft.cactus":178,"stat.pickup.minecraft.redstone":168,"stat.mineBlock.minecraft.iron_ore":74,"stat.useItem.harvestcraft.peanutitem":5,"stat.pickup.spiceoflife.lunchbag":1,"stat.useItem.harvestcraft.chickpeaitem":10,"stat.useItem.harvestcraft.cornitem":29,"stat.drop.minecraft.dirt":1,"stat.pickup.harvestcraft.pampawpaw":7,"stat.pickup.minecraft.iron_shovel":2,"stat.pickup.minecraft.carpet":37,"stat.craftItem.tconstruct.soil":6,"stat.craftItem.harvestcraft.yorkshirepuddingitem":10,"stat.useItem.tconstruct.edible":1,"stat.pickup.harvestcraft.pawpaw_sapling":1,"stat.pickup.botania.petal":1,"stat.craftItem.botania.manaresource":3,"stat.pickup.harvestcraft.pamapple":7,"stat.pickup.minecraft.paper":167,"stat.useItem.tconstruct.slime_dirt":14,"stat.craftItem.minecraft.stick":292,"stat.craftItem.harvestcraft.coffeeitem":16,"stat.pickup.minecraft.grass":1,"stat.pickup.harvestcraft.barleyitem":3,"stat.craftItem.harvestcraft.pear_sapling":2,"stat.useItem.harvestcraft.turnipitem":3,"stat.craftItem.harvestcraft.appleyogurtitem":20,"stat.useItem.harvestcraft.breakfastburritoitem":1,"stat.pickup.conarm.boots":4,"stat.pickup.botania.flower":112,"stat.mineBlock.cookingforblockheads.spice_rack":4,"stat.mineBlock.minecraft.planks":18,"stat.drop":61,"stat.useItem.harvestcraft.toadintheholeitem":3,"stat.craftItem.harvestcraft.gravyitem":11,"stat.pickup.harvestcraft.garlicitem":43,"stat.craftItem.harvestcraft.biscuitsandgravyitem":11,"stat.craftItem.harvestcraft.mayoitem":30,"stat.mineBlock.botania.doubleflower1":2,"stat.pickup.harvestcraft.oliveoilitem":26,"stat.killEntity.Slime":1,"stat.useItem.minecraft.apple":7,"stat.mineBlock.minecraft.deadbush":4,"stat.pickup.tconstruct.sharpening_kit":37,"stat.useItem.minecraft.carpet":6,"stat.craftItem.harvestcraft.cuttingboarditem":2,"stat.pickup.harvestcraft.blackberryitem":88,"stat.pickup.minecraft.fence":8,"stat.craftItem.botania.pestleandmortar":2,"stat.useItem.harvestcraft.kaleitem":5,"stat.useItem.minecraft.stone_axe":147,"stat.mineBlock.harvestcraft.shadedgarden":1,"stat.pickup.harvestcraft.bellpepperitem":108,"stat.useItem.harvestcraft.cranberryitem":2,"stat.craftItem.minecraft.flint_and_steel":1,"stat.craftItem.harvestcraft.gooseberry_sapling":3,"stat.craftItem.cookingforblockheads.recipe_book":3,"stat.useItem.harvestcraft.mustardseedsitem":3,"stat.killEntity.CaveSpider":4,"stat.useItem.harvestcraft.cherry_sapling":7,"stat.craftItem.minecraft.birch_fence":105,"stat.pickup.minecraft.oak_stairs":1,"stat.craftItem.harvestcraft.doughitem":203,"stat.damageDealt":11962,"stat.pickup.extrautils2.wateringcan":8,"stat.craftItem.minecraft.bowl":8,"stat.pickup.harvestcraft.elderberryitem":244,"stat.useItem.quark.custom_chest":24,"stat.pickup.minecraft.stick":21,"stat.useItem.harvestcraft.boiledeggitem":1,"stat.pickup.harvestcraft.hazelnut_sapling":1,"stat.useItem.harvestcraft.vegemiteitem":1,"stat.craftItem.harvestcraft.chickencordonbleuitem":10,"stat.useItem.enderio.item_soul_vial":234,"stat.craftItem.minecraft.birch_fence_gate":4,"stat.craftItem.harvestcraft.roastedchestnutitem":10,"stat.craftItem.harvestcraft.mortarandpestleitem":2,"stat.pickup.harvestcraft.zucchiniitem":128,"stat.craftItem.harvestcraft.chickpeaseeditem":64,"stat.pickup.harvestcraft.plumitem":54,"stat.useItem.minecraft.golden_apple":1,"stat.mineBlock.minecraft.leaves":236,"stat.craftItem.harvestcraft.groundnutmegitem":44,"stat.craftItem.harvestcraft.pizzasliceitem":3,"stat.useItem.harvestcraft.plum_sapling":2,"stat.craftItem.harvestcraft.grilledcheeseitem":2,"stat.mineBlock.cookingforblockheads.tool_rack":2,"stat.useItem.tconstruct.hatchet":166,"stat.craftItem.harvestcraft.soysauceitem":98,"stat.craftItem.harvestcraft.cherryyogurtitem":14,"stat.craftItem.harvestcraft.surfandturfitem":10,"stat.useItem.botania.flowerbag":1,"stat.leaveGame":15,"stat.pickup.harvestcraft.applecideritem":10,"stat.pickup.harvestcraft.soybeanitem":1102,"stat.pickup.tconstruct.edible":66,"stat.craftItem.minecraft.string":156,"stat.craftItem.minecraft.shield":2,"stat.craftItem.minecraft.stone_pressure_plate":2,"stat.mineBlock.harvestcraft.pear_sapling":1,"stat.mineBlock.minecraft.birch_fence_gate":1,"stat.mineBlock.gravestone.gravestone":7,"stat.useItem.harvestcraft.pizzasliceitem":2,"stat.pickup.harvestcraft.plumjuiceitem":1,"stat.craftItem.harvestcraft.pearyogurtitem":8,"stat.pickup.enderio.item_broken_spawner":3,"stat.pickup.harvestcraft.radishitem":105,"stat.killEntity.Witch":1,"stat.craftItem.cookingforblockheads.counter":14,"stat.craftItem.harvestcraft.pawpaw_sapling":3,"stat.craftItem.minecraft.wooden_pickaxe":2,"stat.craftItem.minecraft.iron_door":6,"stat.useItem.minecraft.iron_shovel":269,"stat.pickup.harvestcraft.rhubarbitem":297,"stat.craftItem.harvestcraft.skilletitem":2,"stat.pickup.harvestcraft.onionitem":125,"stat.pickup.harvestcraft.cherryitem":108,"stat.mineBlock.botania.flower":168,"stat.useItem.minecraft.pumpkin_seeds":38,"stat.killEntity.ZombieVillager":1,"stat.craftItem.harvestcraft.toadintheholeitem":10,"stat.drop.minecraft.red_flower":1,"stat.useItem.minecraft.double_plant":22,"stat.pickup.botania.livingwood":16,"stat.pickup.minecraft.beef":66,"stat.pickup.minecraft.leather_helmet":3,"stat.mineBlock.minecraft.stained_hardened_clay":29,"stat.craftItem.harvestcraft.breakfastburritoitem":13,"stat.useItem.minecraft.dye":42,"stat.useItem.harvestcraft.okraitem":2,"stat.pickup.tconstruct.stone_torch":4,"stat.craftItem.harvestcraft.oliveoilitem":131,"stat.drop.minecraft.torch":1,"stat.useItem.harvestcraft.gardensoupitem":2,"stat.mineBlock.minecraft.tallgrass":129,"stat.pickup.immersiveengineering.material":12,"stat.useItem.minecraft.stone":50,"stat.pickup.minecraft.arrow":169,"stat.craftItem.harvestcraft.applecideritem":10,"stat.pickup.harvestcraft.chilipepperitem":93,"stat.craftItem.harvestcraft.bakedcactusitem":21,"stat.mineBlock.minecraft.chest":4,"stat.pickup.harvestcraft.silkentofuitem":65,"stat.pickup.minecraft.painting":60,"stat.pickup.harvestcraft.walnutitem":75,"stat.craftItem.harvestcraft.hamandcheesesandwichitem":10,"stat.pickup.harvestcraft.agaveitem":175,"stat.useItem.harvestcraft.pear_sapling":1,"stat.useItem.minecraft.reeds":186,"stat.useItem.harvestcraft.lettuceitem":6,"stat.pickup.minecraft.wheat_seeds":343,"stat.craftItem.harvestcraft.rawtofeegitem":44,"stat.mineBlock.minecraft.dirt":393,"stat.pickup.minecraft.poisonous_potato":6,"stat.useItem.minecraft.bread":4,"stat.pickup.immersiveengineering.seed":21,"stat.pickup.harvestcraft.pamplum":3,"stat.craftItem.harvestcraft.tortillaitem":33,"stat.useItem.minecraft.cobblestone":67,"stat.mineBlock.minecraft.double_plant":29,"stat.craftItem.harvestcraft.bananayogurtitem":1,"stat.pickup.harvestcraft.hazelnutitem":112,"stat.pickup.minecraft.iron_pickaxe":1,"stat.useItem.tconstruct.pickaxe":1116,"stat.craftItem.harvestcraft.zombiejerkyitem":20,"stat.craftItem.harvestcraft.meatystewitem":2,"stat.pickup.wearablebackpacks.backpack":1,"stat.pickup.minecraft.apple":93,"stat.useItem.harvestcraft.gooseberryyogurtitem":2,"stat.mineBlock.minecraft.log":380,"stat.pickup.harvestcraft.sisalitem":2,"stat.craftItem.minecraft.paper":750,"stat.pickup.harvestcraft.cornmealitem":34,"stat.pickup.minecraft.red_flower":24,"stat.pickup.minecraft.wool":655,"stat.mineBlock.tconstruct.slime_sapling":6,"stat.pickup.harvestcraft.gooseberry_sapling":4,"stat.useItem.minecraft.iron_axe":459,"stat.useItem.tconstruct.mattock":1223,"stat.mineBlock.minecraft.yellow_flower":50,"stat.craftItem.minecraft.wool":82,"stat.mineBlock.thaumcraft.ore_amber":1,"stat.pickup.harvestcraft.blackpepperitem":11,"stat.craftItem.minecraft.arrow":16,"stat.useItem.harvestcraft.tomatoitem":12,"stat.pickup.minecraft.bow":7,"stat.useItem.harvestcraft.wintersquashitem":5,"stat.craftItem.harvestcraft.strawberryjellyitem":10,"stat.useItem.minecraft.egg":6,"stat.pickup.minecraft.shears":1,"stat.flyOneCm":269417,"stat.pickup.harvestcraft.cranberryitem":8,"stat.pickup.minecraft.fish":18,"stat.pickup.harvestcraft.firmtofuitem":262,"stat.craftItem.botania.dye":219,"stat.craftItem.minecraft.stained_glass":16,"stat.timeSinceDeath":844211,"stat.craftItem.minecraft.painting":18,"stat.craftItem.harvestcraft.eggtartitem":10,"stat.mineBlock.botania.livingwood":16,"stat.killEntity.Bat":1,"stat.pickup.harvestcraft.whitemushroomitem":156,"stat.pickup.harvestcraft.beanitem":337,"stat.pickup.harvestcraft.riceitem":8,"stat.useItem.minecraft.potato":55,"stat.useItem.harvestcraft.blueberryitem":4,"stat.mineBlock.minecraft.coal_ore":176,"stat.craftItem.harvestcraft.rawtofabbititem":21,"stat.talkedToVillager":77,"stat.pickup.extrautils2.ingredients":4,"stat.mineBlock.minecraft.red_mushroom_block":1,"stat.pickup.minecraft.string":123,"stat.pickup.harvestcraft.asparagusitem":3,"stat.craftItem.harvestcraft.peanutbutteritem":5,"stat.craftItem.harvestcraft.batteritem":12,"stat.mineBlock.cookingforblockheads.counter":1,"stat.mineBlock.minecraft.diamond_ore":6,"stat.mineBlock.harvestcraft.pawpaw_sapling":1,"stat.craftItem.minecraft.wooden_pressure_plate":3,"stat.mineBlock.cookingforblockheads.cooking_table":2,"stat.useItem.minecraft.wooden_sword":6,"stat.useItem.harvestcraft.zucchiniitem":5,"stat.craftItem.harvestcraft.biscuititem":11,"stat.craftItem.harvestcraft.tiropitaitem":11,"stat.diveOneCm":25785,"stat.craftItem.harvestcraft.steamedspinachitem":1,"stat.pickup.harvestcraft.pear_sapling":1,"stat.jump":8241,"stat.useItem.minecraft.sand":175,"stat.pickup.conarm.leggings_core":1,"stat.useItem.harvestcraft.pawpaw_sapling":1,"stat.pickup.harvestcraft.heavycreamitem":6,"stat.craftItem.minecraft.torch":420,"stat.pickup.harvestcraft.chestnutitem":49,"stat.pickup.cookingforblockheads.counter":1,"stat.useItem.minecraft.sapling":13,"stat.pickup.minecraft.gold_ore":18,"stat.mineBlock.minecraft.glass_pane":2,"stat.damageTaken":6033,"stat.pickup.botania.doubleflower2":4,"stat.craftItem.harvestcraft.pizzaitem":10,"stat.killEntity.tconstruct.blueslime":58,"stat.pickup.botania.doubleflower1":2,"stat.pickup.immersiveengineering.metal":2,"stat.mineBlock.minecraft.sapling":5,"stat.pickup.minecraft.bed":12,"stat.pickup.minecraft.potato":782,"stat.drop.extrautils2.wateringcan":3,"stat.pickup.harvestcraft.saltitem":224,"stat.entityKilledBy.Zombie":3,"stat.pickup.harvestcraft.lettuceitem":96,"stat.pickup.harvestcraft.walnut_sapling":3,"stat.drop.botania.petal":13,"stat.craftItem.minecraft.stone_slab":12,"stat.useItem.tconstruct.shovel":63,"stat.useItem.harvestcraft.carrotjuiceitem":3,"stat.animalsBred":48,"stat.useItem.minecraft.chest":1,"stat.craftItem.harvestcraft.cheeseitem":159,"stat.useItem.harvestcraft.hazelnut_sapling":1,"stat.craftItem.harvestcraft.boiledeggitem":2,"stat.pickup.harvestcraft.freshmilkitem":4,"stat.pickup.harvestcraft.pamsoursop":2,"stat.useItem.minecraft.birch_fence_gate":1,"stat.pickup.harvestcraft.rawtofabbititem":20,"stat.useItem.harvestcraft.scallionitem":5,"stat.pickup.minecraft.baked_potato":34,"stat.mineBlock.minecraft.stonebrick":37,"stat.pickup.harvestcraft.cucumberitem":64,"stat.pickup.harvestcraft.strawberryitem":234,"stat.craftItem.minecraft.shears":1,"stat.craftItem.botania.spreader":1,"stat.pickup.minecraft.torch":242,"stat.craftItem.harvestcraft.heavycreamitem":21,"stat.craftItem.cookingforblockheads.kitchen_floor":72,"stat.craftItem.harvestcraft.sunflowerseedsitem":8,"stat.craftItem.minecraft.compass":2,"stat.useItem.harvestcraft.mulberryitem":5,"stat.craftItem.harvestcraft.saltitem":809,"stat.pickup.tconstruct.book":2,"stat.killEntity.trumpetskeleton.TrumpetSkeleton":3,"stat.useItem.harvestcraft.seaweeditem":10,"stat.craftItem.harvestcraft.fishtacoitem":3,"stat.pickup.gravestone.death_info":6,"stat.useItem.minecraft.planks":18,"stat.craftItem.harvestcraft.strawberryjellysandwichitem":10,"stat.useItem.harvestcraft.nutmeg_sapling":2,"stat.pickup.minecraft.porkchop":142,"stat.craftItem.harvestcraft.espressoitem":8,"stat.useItem.harvestcraft.soybeanitem":110,"stat.useItem.minecraft.water_bucket":21,"stat.pickup.minecraft.sand":408,"stat.craftItem.harvestcraft.gooseberryyogurtitem":17,"stat.craftItem.harvestcraft.juiceritem":2,"stat.pickup.minecraft.name_tag":1,"stat.pickup.harvestcraft.wintersquashitem":111,"stat.pickup.minecraft.activator_rail":2,"stat.craftItem.harvestcraft.plumyogurtitem":4,"stat.pickup.harvestcraft.soybeanseeditem":1,"stat.mineBlock.tconstruct.slime_grass_tall":42,"stat.craftItem.minecraft.hardened_clay":54,"stat.pickup.cookingforblockheads.fruit_basket":6,"stat.useItem.harvestcraft.leekitem":6,"stat.pickup.harvestcraft.turnipitem":127,"stat.pickup.cookingforblockheads.kitchen_floor":4,"stat.pickup.minecraft.furnace":1,"stat.pickup.tconstruct.cast":4,"stat.pickup.minecraft.skull":7,"stat.pickup.harvestcraft.cherryjuiceitem":1,"stat.useItem.harvestcraft.blackberryitem":6,"stat.drop.tconstruct.broadsword":1,"stat.craftItem.harvestcraft.enchiladaitem":17,"stat.useItem.harvestcraft.rhubarbseeditem":19,"stat.useItem.immersiveengineering.seed":1,"stat.pickup.harvestcraft.nutmegitem":54,"stat.mineBlock.harvestcraft.hazelnut_sapling":1,"stat.craftItem.harvestcraft.carrotjuiceitem":8,"stat.pickup.harvestcraft.sausageitem":10,"stat.useItem.harvestcraft.espressoitem":5,"stat.useItem.harvestcraft.beanitem":15,"stat.playOneMinute":2156124,"stat.useItem.harvestcraft.pamapple":6,"stat.craftItem.harvestcraft.chickensandwichitem":17,"stat.craftItem.harvestcraft.nutmeg_sapling":2,"stat.pickup.harvestcraft.tomatoitem":237,"stat.pickup.conarm.chestplate":4,"stat.craftItem.minecraft.carpet":6,"stat.pickup.tconstruct.shovel":2,"stat.craftItem.harvestcraft.mixingbowlitem":2,"stat.pickup.harvestcraft.coffeebeanitem":48,"stat.pickup.cookingforblockheads.recipe_book":4,"stat.fallOneCm":27429,"stat.drop.spiceoflife.lunchbag":1,"stat.craftItem.harvestcraft.rawtofaconitem":44,"stat.useItem.harvestcraft.bellpepperitem":6,"stat.pickup.minecraft.red_mushroom":5,"stat.mineBlock.botania.livingrock":32,"stat.useItem.minecraft.iron_hoe":10,"stat.craftItem.cookingforblockheads.spice_rack":3,"stat.pickup.minecraft.milk_bucket":3,"stat.pickup.minecraft.feather":71,"stat.useItem.harvestcraft.gooseberry_sapling":3,"stat.useItem.cookingforblockheads.spice_rack":4,"stat.pickup.harvestcraft.stockitem":27,"stat.craftItem.harvestcraft.blackpepperitem":15,"stat.useItem.minecraft.stone_pickaxe":179,"stat.useItem.minecraft.stone_sword":13,"stat.pickup.minecraft.chainmail_boots":1,"stat.pickup.botania.specialflower":4,"stat.craftItem.cookingforblockheads.fruit_basket":3,"stat.craftItem.harvestcraft.stockitem":30,"stat.useItem.harvestcraft.cactussoupitem":2,"stat.killEntity.LavaSlime":4,"stat.pickup.minecraft.log":427,"stat.pickup.minecraft.tallgrass":2,"stat.pickup.minecraft.chainmail_leggings":1,"stat.craftItem.harvestcraft.cottoncandyitem":25,"stat.craftItem.harvestcraft.butteredpotatoitem":27,"stat.pickup.tconstruct.broadsword":5,"stat.mineBlock.harvestcraft.gooseberry_sapling":4,"stat.useItem.harvestcraft.greengrapeitem":1,"stat.craftItem.harvestcraft.applefritteritem":1,"stat.craftItem.harvestcraft.cherryjuiceitem":2,"stat.useItem.harvestcraft.pamcherry":2,"stat.pickup.tconstruct.slime_boots":1,"stat.useItem.minecraft.beetroot_seeds":25,"stat.pickup.harvestcraft.pearitem":44,"stat.sneakTime":7176,"stat.pickup.thaumcraft.amber":2,"stat.useItem.minecraft.beetroot":4,"stat.pickup.harvestcraft.gooseberryitem":55,"stat.pickup.minecraft.chest":3,"stat.pickup.immersiveengineering.ore":16,"stat.drop.cookingforblockheads.recipe_book":1,"stat.pickup.conarm.helmet":4,"stat.useItem.harvestcraft.cookedtofeegitem":1,"stat.useItem.harvestcraft.garlicitem":1,"stat.craftItem.botania.petal":246,"stat.pickup.harvestcraft.soymilkitem":159,"stat.pickup.cookingforblockheads.spice_rack":4,"stat.useItem.harvestcraft.cassavaitem":1,"stat.swimOneCm":124846,"stat.mineBlock.minecraft.spruce_stairs":1,"stat.useItem.harvestcraft.strawberryitem":11,"stat.useItem.minecraft.dirt":692,"stat.pickup.harvestcraft.chickpeaitem":285,"stat.pickup.harvestcraft.batteritem":8,"stat.useItem.botania.fertilizer":23,"stat.mineBlock.cookingforblockheads.fruit_basket":6,"stat.useItem.harvestcraft.chestnut_sapling":1,"stat.mineBlock.minecraft.carpet":27,"stat.pickup.minecraft.gold_block":1,"stat.pickup.harvestcraft.lentilitem":20,"stat.pickup.minecraft.clay":30,"stat.drop.minecraft.wheat_seeds":18,"stat.craftItem.minecraft.wooden_slab":18,"stat.pickup.harvestcraft.groundnutmegitem":44,"stat.pickup.harvestcraft.leekitem":79,"stat.craftItem.harvestcraft.hazelnut_sapling":2,"stat.useItem.tconstruct.broadsword":36,"stat.useItem.minecraft.sign":18,"stat.craftItem.harvestcraft.chestnut_sapling":2,"stat.drop.minecraft.log":18,"stat.pickup.minecraft.mutton":28,"stat.pickup.harvestcraft.soursopitem":21,"stat.pickup.tconstruct.kama":1,"stat.pickup.minecraft.stonebrick":41,"stat.craftItem.harvestcraft.apple_sapling":2,"stat.craftItem.minecraft.stone_slab2":4,"stat.pickup.harvestcraft.mulberryitem":22,"stat.useItem.harvestcraft.bibimbapitem":2,"stat.useItem.harvestcraft.cucumberitem":4,"stat.craftItem.minecraft.stone":98,"stat.mineBlock.minecraft.crafting_table":1,"stat.craftItem.cookingforblockheads.oven":2,"stat.useItem.minecraft.carrot":23,"stat.useItem.minecraft.wooden_shovel":52,"stat.drop.minecraft.golden_apple":1,"stat.pickup.cookingforblockheads.tool_rack":2,"stat.pickup.tconstruct.sword_blade":1,"stat.pickup.harvestcraft.flouritem":206,"stat.craftItem.harvestcraft.potitem":2,"stat.pickup.minecraft.slime_ball":3,"stat.drop.tconstruct.mattock":1,"stat.craftItem.cookingforblockheads.cabinet":14,"stat.craftItem.harvestcraft.peppermintitem":2,"stat.craftItem.minecraft.clay":62,"stat.pickup.harvestcraft.cookedtofaconitem":41,"stat.killEntity.BrainyZombie":2,"stat.pickup.minecraft.gravel":36,"stat.useItem.cookingforblockheads.kitchen_floor":38,"stat.mineBlock.tconstruct.slime_dirt":13,"stat.pickup.minecraft.stone_brick_stairs":1,"stat.pickup.tconstruct.hatchet":2,"stat.pickup.minecraft.brick":9,"stat.pickup.conarm.leggings":4,"stat.craftItem.minecraft.bread":80,"stat.pickup.harvestcraft.peanutitem":168,"stat.pickup.harvestcraft.rawtofeegitem":52,"stat.pickup.minecraft.spider_eye":4,"stat.useItem.harvestcraft.surfandturfitem":1,"stat.useItem.cookingforblockheads.counter":6,"stat.pickup.minecraft.iron_ore":265,"stat.pickup.tconstruct.slime_congealed":10,"stat.pickup.minecraft.leaves":4,"stat.pickup.quark.custom_chest":6,"stat.pickup.minecraft.leather":12,"stat.pickup.tconstruct.battlesign":4,"stat.useItem.minecraft.wooden_pickaxe":8,"stat.useItem.tconstruct.kama":126,"stat.pickup.harvestcraft.blueberryitem":5,"stat.pickup.harvestcraft.mayoitem":13,"stat.pickup.minecraft.reeds":891,"stat.mineBlock.tconstruct.stone_torch":4,"stat.craftItem.minecraft.glass":3,"stat.sleepInBed":64,"stat.craftItem.minecraft.baked_potato":44,"stat.killEntity.Cow":6,"stat.killEntity.Pig":1,"stat.craftItem.minecraft.iron_sword":2,"stat.walkOneCm":9375415,"stat.craftItem.harvestcraft.rhubarbseeditem":20,"stat.playerKills":1,"stat.craftItem.quark.custom_chest":95,"stat.pickup.extrautils2.minichest":8,"stat.pickup.cookingforblockheads.cabinet":8,"stat.craftItem.harvestcraft.strawberrypieitem":10,"stat.useItem.cookingforblockheads.fruit_basket":5,"stat.craftItem.botania.flowerbag":6,"stat.pickup.minecraft.stone":281,"stat.mineBlock.minecraft.wool":1,"stat.pickup.harvestcraft.cheeseitem":88,"stat.killEntity.Skeleton":10,"stat.pickup.harvestcraft.pamcherry":3,"stat.mineBlock.minecraft.cactus":29,"stat.pickup.cookingforblockheads.cooking_table":2,"stat.pickup.harvestcraft.butteritem":13,"stat.killEntity.Spider":9,"stat.pickup.minecraft.bread":35,"stat.pickup.minecraft.quartz":3,"stat.pickup.minecraft.birch_fence":120,"stat.pickup.minecraft.golden_shovel":2,"stat.pickup.minecraft.spruce_stairs":1,"stat.mineBlock.minecraft.redstone_ore":39,"stat.pickup.minecraft.lava_bucket":2,"stat.craftItem.minecraft.coal_block":32,"stat.useItem.spiceoflife.lunchbox":4,"stat.mineBlock.harvestcraft.soggygarden":42,"stat.killEntity.quark:ashen":1,"stat.craftItem.minecraft.brick":15,"stat.mineBlock.minecraft.stone":1048}